2026-05-15 16:24:01,181 - =============================================
              GLOBAL LINK LOAD
---------------------------------------------
  Switch S1 Load: To S6: 0.0 Mbps | To S7: 0.0 Mbps
  Switch S2 Load: To S7: 0.0 Mbps | To S6: 0.0 Mbps
  Switch S3 Load: To S6: 0.0 Mbps | To S7: 0.0 Mbps
  Switch S4 Load: To S6: 0.0 Mbps | To S7: 0.0 Mbps
  Switch S5 Load: To S6: 0.0 Mbps | To S7: 0.0 Mbps
=============================================

2026-05-15 16:24:02,182 - =============================================
              GLOBAL LINK LOAD
---------------------------------------------
  Switch S1 Load: To S6: 0.0 Mbps | To S7: 0.0 Mbps
  Switch S2 Load: To S7: 0.0 Mbps | To S6: 0.0 Mbps
  Switch S3 Load: To S6: 0.0 Mbps | To S7: 0.0 Mbps
  Switch S4 Load: To S6: 0.0 Mbps | To S7: 0.0 Mbps
  Switch S5 Load: To S6: 0.0 Mbps | To S7: 0.0 Mbps
=============================================

2026-05-15 16:24:03,182 - =============================================
              GLOBAL LINK LOAD
---------------------------------------------
  Switch S1 Load: To S6: 0.0 Mbps | To S7: 0.0 Mbps
  Switch S2 Load: To S7: 0.0 Mbps | To S6: 0.0 Mbps
  Switch S3 Load: To S6: 0.0 Mbps | To S7: 0.0 Mbps
  Switch S4 Load: To S6: 0.0 Mbps | To S7: 0.0 Mbps
  Switch S5 Load: To S6: 0.0 Mbps | To S7: 0.0 Mbps
=============================================

2026-05-15 16:24:04,183 - =============================================
              GLOBAL LINK LOAD
---------------------------------------------
  Switch S1 Load: To S6: 0.0 Mbps | To S7: 0.0 Mbps
  Switch S2 Load: To S7: 0.0 Mbps | To S6: 0.0 Mbps
  Switch S3 Load: To S6: 0.0 Mbps | To S7: 0.0 Mbps
  Switch S4 Load: To S6: 0.0 Mbps | To S7: 0.0 Mbps
  Switch S5 Load: To S6: 0.0 Mbps | To S7: 0.0 Mbps
=============================================

2026-05-15 16:24:05,183 - =============================================
              GLOBAL LINK LOAD
---------------------------------------------
  Switch S1 Load: To S6: 0.0 Mbps | To S7: 0.0 Mbps
  Switch S2 Load: To S7: 0.0 Mbps | To S6: 0.0 Mbps
  Switch S3 Load: To S6: 0.0 Mbps | To S7: 0.0 Mbps
  Switch S4 Load: To S6: 0.0 Mbps | To S7: 0.0 Mbps
  Switch S5 Load: To S6: 0.0 Mbps | To S7: 0.0 Mbps
=============================================

2026-05-15 16:24:06,184 - =============================================
              GLOBAL LINK LOAD
---------------------------------------------
  Switch S1 Load: To S6: 0.0 Mbps | To S7: 0.0 Mbps
  Switch S2 Load: To S7: 0.0 Mbps | To S6: 0.0 Mbps
  Switch S3 Load: To S6: 0.0 Mbps | To S7: 0.0 Mbps
  Switch S4 Load: To S6: 0.0 Mbps | To S7: 0.0 Mbps
  Switch S5 Load: To S6: 0.0 Mbps | To S7: 0.0 Mbps
=============================================

2026-05-15 16:24:07,184 - =============================================
              GLOBAL LINK LOAD
---------------------------------------------
  Switch S1 Load: To S6: 0.0 Mbps | To S7: 0.0 Mbps
  Switch S2 Load: To S7: 0.0 Mbps | To S6: 0.0 Mbps
  Switch S3 Load: To S6: 0.0 Mbps | To S7: 0.0 Mbps
  Switch S4 Load: To S6: 0.0 Mbps | To S7: 0.0 Mbps
  Switch S5 Load: To S6: 0.0 Mbps | To S7: 0.0 Mbps
=============================================

2026-05-15 16:24:08,184 - =============================================
              GLOBAL LINK LOAD
---------------------------------------------
  Switch S1 Load: To S6: 0.0 Mbps | To S7: 0.0 Mbps
  Switch S2 Load: To S7: 0.0 Mbps | To S6: 0.0 Mbps
  Switch S3 Load: To S6: 0.0 Mbps | To S7: 0.0 Mbps
  Switch S4 Load: To S6: 0.0 Mbps | To S7: 0.0 Mbps
  Switch S5 Load: To S6: 0.0 Mbps | To S7: 0.0 Mbps
=============================================

2026-05-15 16:24:09,185 - =============================================
              GLOBAL LINK LOAD
---------------------------------------------
  Switch S1 Load: To S6: 0.0 Mbps | To S7: 0.0 Mbps
  Switch S2 Load: To S7: 0.0 Mbps | To S6: 0.0 Mbps
  Switch S3 Load: To S6: 0.0 Mbps | To S7: 0.0 Mbps
  Switch S4 Load: To S6: 0.0 Mbps | To S7: 0.0 Mbps
  Switch S5 Load: To S6: 0.0 Mbps | To S7: 0.0 Mbps
=============================================

2026-05-15 16:24:10,185 - =============================================
              GLOBAL LINK LOAD
---------------------------------------------
  Switch S1 Load: To S6: 0.0 Mbps | To S7: 0.0 Mbps
  Switch S2 Load: To S7: 0.0 Mbps | To S6: 0.0 Mbps
  Switch S3 Load: To S6: 0.0 Mbps | To S7: 0.0 Mbps
  Switch S4 Load: To S6: 0.0 Mbps | To S7: 0.0 Mbps
  Switch S5 Load: To S6: 0.0 Mbps | To S7: 0.0 Mbps
=============================================

2026-05-15 16:24:11,185 - =============================================
              GLOBAL LINK LOAD
---------------------------------------------
  Switch S1 Load: To S6: 0.0 Mbps | To S7: 0.0 Mbps
  Switch S2 Load: To S7: 0.0 Mbps | To S6: 0.0 Mbps
  Switch S3 Load: To S6: 0.0 Mbps | To S7: 0.0 Mbps
  Switch S4 Load: To S6: 0.0 Mbps | To S7: 0.0 Mbps
  Switch S5 Load: To S6: 0.0 Mbps | To S7: 0.0 Mbps
=============================================

2026-05-15 16:24:12,186 - =============================================
              GLOBAL LINK LOAD
---------------------------------------------
  Switch S1 Load: To S6: 89.4 Mbps | To S7: 37.6 Mbps
  Switch S2 Load: To S7: 16.7 Mbps | To S6: 0.3 Mbps
  Switch S3 Load: To S6: 107.6 Mbps | To S7: 72.6 Mbps
  Switch S4 Load: To S6: 0.0 Mbps | To S7: 18.1 Mbps
  Switch S5 Load: To S6: 17.9 Mbps | To S7: 0.3 Mbps
=============================================

2026-05-15 16:24:13,186 - =============================================
              GLOBAL LINK LOAD
---------------------------------------------
  Switch S1 Load: To S6: 167.7 Mbps | To S7: 70.8 Mbps
  Switch S2 Load: To S7: 34.6 Mbps | To S6: 0.8 Mbps
  Switch S3 Load: To S6: 201.7 Mbps | To S7: 140.0 Mbps
  Switch S4 Load: To S6: 0.0 Mbps | To S7: 34.0 Mbps
  Switch S5 Load: To S6: 33.3 Mbps | To S7: 0.6 Mbps
=============================================

2026-05-15 16:24:14,186 - =============================================
              GLOBAL LINK LOAD
---------------------------------------------
  Switch S1 Load: To S6: 63.4 Mbps | To S7: 0.7 Mbps
  Switch S2 Load: To S7: 125.1 Mbps | To S6: 191.0 Mbps
  Switch S3 Load: To S6: 254.4 Mbps | To S7: 245.3 Mbps
  Switch S4 Load: To S6: 0.0 Mbps | To S7: 59.2 Mbps
  Switch S5 Load: To S6: 0.0 Mbps | To S7: 60.0 Mbps
=============================================

2026-05-15 16:24:15,186 - =============================================
              GLOBAL LINK LOAD
---------------------------------------------
  Switch S1 Load: To S6: 0.3 Mbps | To S7: 40.2 Mbps
  Switch S2 Load: To S7: 54.1 Mbps | To S6: 0.4 Mbps
  Switch S3 Load: To S6: 86.4 Mbps | To S7: 197.3 Mbps
  Switch S4 Load: To S6: 85.6 Mbps | To S7: 49.8 Mbps
  Switch S5 Load: To S6: 0.0 Mbps | To S7: 53.5 Mbps
=============================================

2026-05-15 16:24:16,186 - =============================================
              GLOBAL LINK LOAD
---------------------------------------------
  Switch S1 Load: To S6: 0.3 Mbps | To S7: 84.9 Mbps
  Switch S2 Load: To S7: 79.6 Mbps | To S6: 0.2 Mbps
  Switch S3 Load: To S6: 129.5 Mbps | To S7: 285.1 Mbps
  Switch S4 Load: To S6: 84.6 Mbps | To S7: 84.8 Mbps
  Switch S5 Load: To S6: 44.4 Mbps | To S7: 35.9 Mbps
=============================================

2026-05-15 16:24:17,187 - =============================================
              GLOBAL LINK LOAD
---------------------------------------------
  Switch S1 Load: To S6: 0.0 Mbps | To S7: 85.9 Mbps
  Switch S2 Load: To S7: 81.8 Mbps | To S6: 0.0 Mbps
  Switch S3 Load: To S6: 81.9 Mbps | To S7: 249.5 Mbps
  Switch S4 Load: To S6: 0.5 Mbps | To S7: 81.1 Mbps
  Switch S5 Load: To S6: 81.4 Mbps | To S7: 0.5 Mbps
=============================================

2026-05-15 16:24:18,187 - =============================================
              GLOBAL LINK LOAD
---------------------------------------------
  Switch S1 Load: To S6: 0.0 Mbps | To S7: 0.0 Mbps
  Switch S2 Load: To S7: 0.0 Mbps | To S6: 0.0 Mbps
  Switch S3 Load: To S6: 0.0 Mbps | To S7: 0.0 Mbps
  Switch S4 Load: To S6: 0.0 Mbps | To S7: 0.0 Mbps
  Switch S5 Load: To S6: 0.0 Mbps | To S7: 0.0 Mbps
=============================================

2026-05-15 16:24:19,188 - =============================================
              GLOBAL LINK LOAD
---------------------------------------------
  Switch S1 Load: To S6: 0.0 Mbps | To S7: 0.0 Mbps
  Switch S2 Load: To S7: 0.0 Mbps | To S6: 0.0 Mbps
  Switch S3 Load: To S6: 0.0 Mbps | To S7: 0.0 Mbps
  Switch S4 Load: To S6: 0.0 Mbps | To S7: 0.0 Mbps
  Switch S5 Load: To S6: 0.0 Mbps | To S7: 0.0 Mbps
=============================================

2026-05-15 16:24:20,188 - =============================================
              GLOBAL LINK LOAD
---------------------------------------------
  Switch S1 Load: To S6: 0.0 Mbps | To S7: 0.0 Mbps
  Switch S2 Load: To S7: 0.0 Mbps | To S6: 0.0 Mbps
  Switch S3 Load: To S6: 0.0 Mbps | To S7: 0.0 Mbps
  Switch S4 Load: To S6: 0.0 Mbps | To S7: 0.0 Mbps
  Switch S5 Load: To S6: 0.0 Mbps | To S7: 0.0 Mbps
=============================================

2026-05-15 16:24:21,188 - =============================================
              GLOBAL LINK LOAD
---------------------------------------------
  Switch S1 Load: To S6: 0.0 Mbps | To S7: 0.0 Mbps
  Switch S2 Load: To S7: 0.0 Mbps | To S6: 0.0 Mbps
  Switch S3 Load: To S6: 0.0 Mbps | To S7: 0.0 Mbps
  Switch S4 Load: To S6: 0.0 Mbps | To S7: 0.0 Mbps
  Switch S5 Load: To S6: 0.0 Mbps | To S7: 0.0 Mbps
=============================================

2026-05-15 16:24:22,189 - =============================================
              GLOBAL LINK LOAD
---------------------------------------------
  Switch S1 Load: To S6: 0.0 Mbps | To S7: 0.0 Mbps
  Switch S2 Load: To S7: 0.0 Mbps | To S6: 0.0 Mbps
  Switch S3 Load: To S6: 0.0 Mbps | To S7: 0.0 Mbps
  Switch S4 Load: To S6: 0.0 Mbps | To S7: 0.0 Mbps
  Switch S5 Load: To S6: 0.0 Mbps | To S7: 0.0 Mbps
=============================================

2026-05-15 16:24:23,189 - =============================================
              GLOBAL LINK LOAD
---------------------------------------------
  Switch S1 Load: To S6: 0.0 Mbps | To S7: 0.0 Mbps
  Switch S2 Load: To S7: 0.0 Mbps | To S6: 0.0 Mbps
  Switch S3 Load: To S6: 0.0 Mbps | To S7: 0.0 Mbps
  Switch S4 Load: To S6: 0.0 Mbps | To S7: 0.0 Mbps
  Switch S5 Load: To S6: 0.0 Mbps | To S7: 0.0 Mbps
=============================================

2026-05-15 16:24:24,190 - =============================================
              GLOBAL LINK LOAD
---------------------------------------------
  Switch S1 Load: To S6: 0.0 Mbps | To S7: 0.0 Mbps
  Switch S2 Load: To S7: 0.0 Mbps | To S6: 0.0 Mbps
  Switch S3 Load: To S6: 0.0 Mbps | To S7: 0.0 Mbps
  Switch S4 Load: To S6: 0.0 Mbps | To S7: 0.0 Mbps
  Switch S5 Load: To S6: 0.0 Mbps | To S7: 0.0 Mbps
=============================================

2026-05-15 16:24:25,190 - =============================================
              GLOBAL LINK LOAD
---------------------------------------------
  Switch S1 Load: To S6: 0.0 Mbps | To S7: 0.0 Mbps
  Switch S2 Load: To S7: 0.0 Mbps | To S6: 0.0 Mbps
  Switch S3 Load: To S6: 0.0 Mbps | To S7: 0.0 Mbps
  Switch S4 Load: To S6: 0.0 Mbps | To S7: 0.0 Mbps
  Switch S5 Load: To S6: 0.0 Mbps | To S7: 0.0 Mbps
=============================================

2026-05-15 16:24:26,190 - =============================================
              GLOBAL LINK LOAD
---------------------------------------------
  Switch S1 Load: To S6: 0.0 Mbps | To S7: 0.0 Mbps
  Switch S2 Load: To S7: 0.0 Mbps | To S6: 0.0 Mbps
  Switch S3 Load: To S6: 0.0 Mbps | To S7: 0.0 Mbps
  Switch S4 Load: To S6: 0.0 Mbps | To S7: 0.0 Mbps
  Switch S5 Load: To S6: 0.0 Mbps | To S7: 0.0 Mbps
=============================================

2026-05-15 16:24:27,191 - =============================================
              GLOBAL LINK LOAD
---------------------------------------------
  Switch S1 Load: To S6: 0.0 Mbps | To S7: 0.0 Mbps
  Switch S2 Load: To S7: 0.0 Mbps | To S6: 0.0 Mbps
  Switch S3 Load: To S6: 0.0 Mbps | To S7: 0.0 Mbps
  Switch S4 Load: To S6: 0.0 Mbps | To S7: 0.0 Mbps
  Switch S5 Load: To S6: 0.0 Mbps | To S7: 0.0 Mbps
=============================================

2026-05-15 16:24:28,193 - =============================================
              GLOBAL LINK LOAD
---------------------------------------------
  Switch S1 Load: To S6: 0.0 Mbps | To S7: 0.0 Mbps
  Switch S2 Load: To S7: 0.0 Mbps | To S6: 0.0 Mbps
  Switch S3 Load: To S6: 0.0 Mbps | To S7: 0.0 Mbps
  Switch S4 Load: To S6: 0.0 Mbps | To S7: 0.0 Mbps
  Switch S5 Load: To S6: 0.0 Mbps | To S7: 0.0 Mbps
=============================================

2026-05-15 16:24:29,193 - =============================================
              GLOBAL LINK LOAD
---------------------------------------------
  Switch S1 Load: To S6: 0.0 Mbps | To S7: 0.0 Mbps
  Switch S2 Load: To S7: 0.0 Mbps | To S6: 0.0 Mbps
  Switch S3 Load: To S6: 0.0 Mbps | To S7: 0.0 Mbps
  Switch S4 Load: To S6: 0.0 Mbps | To S7: 0.0 Mbps
  Switch S5 Load: To S6: 0.0 Mbps | To S7: 0.0 Mbps
=============================================

2026-05-15 16:24:30,193 - =============================================
              GLOBAL LINK LOAD
---------------------------------------------
  Switch S1 Load: To S6: 0.0 Mbps | To S7: 0.0 Mbps
  Switch S2 Load: To S7: 0.0 Mbps | To S6: 0.0 Mbps
  Switch S3 Load: To S6: 0.0 Mbps | To S7: 0.0 Mbps
  Switch S4 Load: To S6: 0.0 Mbps | To S7: 0.0 Mbps
  Switch S5 Load: To S6: 0.0 Mbps | To S7: 0.0 Mbps
=============================================

2026-05-15 16:24:31,194 - =============================================
              GLOBAL LINK LOAD
---------------------------------------------
  Switch S1 Load: To S6: 0.0 Mbps | To S7: 0.0 Mbps
  Switch S2 Load: To S7: 0.0 Mbps | To S6: 0.0 Mbps
  Switch S3 Load: To S6: 0.0 Mbps | To S7: 0.0 Mbps
  Switch S4 Load: To S6: 0.0 Mbps | To S7: 0.0 Mbps
  Switch S5 Load: To S6: 0.0 Mbps | To S7: 0.0 Mbps
=============================================

2026-05-15 16:24:32,195 - =============================================
              GLOBAL LINK LOAD
---------------------------------------------
  Switch S1 Load: To S6: 0.0 Mbps | To S7: 0.0 Mbps
  Switch S2 Load: To S7: 0.0 Mbps | To S6: 0.0 Mbps
  Switch S3 Load: To S6: 0.0 Mbps | To S7: 0.0 Mbps
  Switch S4 Load: To S6: 0.0 Mbps | To S7: 0.0 Mbps
  Switch S5 Load: To S6: 0.0 Mbps | To S7: 0.0 Mbps
=============================================

2026-05-15 16:24:33,194 - =============================================
              GLOBAL LINK LOAD
---------------------------------------------
  Switch S1 Load: To S6: 0.0 Mbps | To S7: 0.0 Mbps
  Switch S2 Load: To S7: 0.0 Mbps | To S6: 0.0 Mbps
  Switch S3 Load: To S6: 0.0 Mbps | To S7: 0.0 Mbps
  Switch S4 Load: To S6: 0.0 Mbps | To S7: 0.0 Mbps
  Switch S5 Load: To S6: 0.0 Mbps | To S7: 0.0 Mbps
=============================================

2026-05-15 16:24:34,195 - =============================================
              GLOBAL LINK LOAD
---------------------------------------------
  Switch S1 Load: To S6: 0.0 Mbps | To S7: 0.0 Mbps
  Switch S2 Load: To S7: 0.0 Mbps | To S6: 0.0 Mbps
  Switch S3 Load: To S6: 0.0 Mbps | To S7: 0.0 Mbps
  Switch S4 Load: To S6: 0.0 Mbps | To S7: 0.0 Mbps
  Switch S5 Load: To S6: 0.0 Mbps | To S7: 0.0 Mbps
=============================================

2026-05-15 16:24:35,196 - =============================================
              GLOBAL LINK LOAD
---------------------------------------------
  Switch S1 Load: To S6: 0.0 Mbps | To S7: 0.0 Mbps
  Switch S2 Load: To S7: 0.0 Mbps | To S6: 0.0 Mbps
  Switch S3 Load: To S6: 0.0 Mbps | To S7: 0.0 Mbps
  Switch S4 Load: To S6: 0.0 Mbps | To S7: 0.0 Mbps
  Switch S5 Load: To S6: 0.0 Mbps | To S7: 0.0 Mbps
=============================================

2026-05-15 16:24:36,196 - =============================================
              GLOBAL LINK LOAD
---------------------------------------------
  Switch S1 Load: To S6: 0.0 Mbps | To S7: 0.0 Mbps
  Switch S2 Load: To S7: 0.0 Mbps | To S6: 0.0 Mbps
  Switch S3 Load: To S6: 0.0 Mbps | To S7: 0.0 Mbps
  Switch S4 Load: To S6: 0.0 Mbps | To S7: 0.0 Mbps
  Switch S5 Load: To S6: 0.0 Mbps | To S7: 0.0 Mbps
=============================================

2026-05-15 16:24:37,196 - =============================================
              GLOBAL LINK LOAD
---------------------------------------------
  Switch S1 Load: To S6: 0.0 Mbps | To S7: 0.0 Mbps
  Switch S2 Load: To S7: 0.0 Mbps | To S6: 0.0 Mbps
  Switch S3 Load: To S6: 0.0 Mbps | To S7: 0.0 Mbps
  Switch S4 Load: To S6: 0.0 Mbps | To S7: 0.0 Mbps
  Switch S5 Load: To S6: 0.0 Mbps | To S7: 0.0 Mbps
=============================================

2026-05-15 16:24:38,197 - =============================================
              GLOBAL LINK LOAD
---------------------------------------------
  Switch S1 Load: To S6: 0.0 Mbps | To S7: 0.0 Mbps
  Switch S2 Load: To S7: 0.0 Mbps | To S6: 0.0 Mbps
  Switch S3 Load: To S6: 0.0 Mbps | To S7: 0.0 Mbps
  Switch S4 Load: To S6: 0.0 Mbps | To S7: 0.0 Mbps
  Switch S5 Load: To S6: 0.0 Mbps | To S7: 0.0 Mbps
=============================================

2026-05-15 16:24:39,197 - =============================================
              GLOBAL LINK LOAD
---------------------------------------------
  Switch S1 Load: To S6: 0.0 Mbps | To S7: 0.0 Mbps
  Switch S2 Load: To S7: 0.0 Mbps | To S6: 0.0 Mbps
  Switch S3 Load: To S6: 0.0 Mbps | To S7: 0.0 Mbps
  Switch S4 Load: To S6: 0.0 Mbps | To S7: 0.0 Mbps
  Switch S5 Load: To S6: 0.0 Mbps | To S7: 0.0 Mbps
=============================================

2026-05-15 16:24:40,197 - =============================================
              GLOBAL LINK LOAD
---------------------------------------------
  Switch S1 Load: To S6: 0.0 Mbps | To S7: 0.0 Mbps
  Switch S2 Load: To S7: 0.0 Mbps | To S6: 0.0 Mbps
  Switch S3 Load: To S6: 0.0 Mbps | To S7: 0.0 Mbps
  Switch S4 Load: To S6: 0.0 Mbps | To S7: 0.0 Mbps
  Switch S5 Load: To S6: 0.0 Mbps | To S7: 0.0 Mbps
=============================================

2026-05-15 16:24:41,198 - =============================================
              GLOBAL LINK LOAD
---------------------------------------------
  Switch S1 Load: To S6: 0.0 Mbps | To S7: 0.0 Mbps
  Switch S2 Load: To S7: 0.0 Mbps | To S6: 0.0 Mbps
  Switch S3 Load: To S6: 0.0 Mbps | To S7: 0.0 Mbps
  Switch S4 Load: To S6: 0.0 Mbps | To S7: 0.0 Mbps
  Switch S5 Load: To S6: 0.0 Mbps | To S7: 0.0 Mbps
=============================================

2026-05-15 16:24:42,198 - =============================================
              GLOBAL LINK LOAD
---------------------------------------------
  Switch S1 Load: To S6: 117.9 Mbps | To S7: 49.2 Mbps
  Switch S2 Load: To S7: 21.9 Mbps | To S6: 0.4 Mbps
  Switch S3 Load: To S6: 141.3 Mbps | To S7: 95.0 Mbps
  Switch S4 Load: To S6: 0.0 Mbps | To S7: 23.6 Mbps
  Switch S5 Load: To S6: 23.0 Mbps | To S7: 0.4 Mbps
=============================================

2026-05-15 16:24:43,198 - =============================================
              GLOBAL LINK LOAD
---------------------------------------------
  Switch S1 Load: To S6: 113.9 Mbps | To S7: 83.8 Mbps
  Switch S2 Load: To S7: 0.2 Mbps | To S6: 29.7 Mbps
  Switch S3 Load: To S6: 143.8 Mbps | To S7: 141.2 Mbps
  Switch S4 Load: To S6: 0.0 Mbps | To S7: 28.5 Mbps
  Switch S5 Load: To S6: 0.2 Mbps | To S7: 28.6 Mbps
=============================================

2026-05-15 16:24:44,198 - =============================================
              GLOBAL LINK LOAD
---------------------------------------------
  Switch S1 Load: To S6: 0.0 Mbps | To S7: 0.0 Mbps
  Switch S2 Load: To S7: 0.0 Mbps | To S6: 0.0 Mbps
  Switch S3 Load: To S6: 0.0 Mbps | To S7: 0.0 Mbps
  Switch S4 Load: To S6: 0.0 Mbps | To S7: 0.0 Mbps
  Switch S5 Load: To S6: 0.0 Mbps | To S7: 0.0 Mbps
=============================================

2026-05-15 16:24:45,199 - =============================================
              GLOBAL LINK LOAD
---------------------------------------------
  Switch S1 Load: To S6: 0.5 Mbps | To S7: 55.0 Mbps
  Switch S2 Load: To S7: 54.0 Mbps | To S6: 0.5 Mbps
  Switch S3 Load: To S6: 111.5 Mbps | To S7: 219.8 Mbps
  Switch S4 Load: To S6: 110.5 Mbps | To S7: 55.7 Mbps
  Switch S5 Load: To S6: 0.0 Mbps | To S7: 55.2 Mbps
=============================================

2026-05-15 16:24:46,199 - =============================================
              GLOBAL LINK LOAD
---------------------------------------------
  Switch S1 Load: To S6: 25.0 Mbps | To S7: 4.7 Mbps
  Switch S2 Load: To S7: 30.3 Mbps | To S6: 0.3 Mbps
  Switch S3 Load: To S6: 84.4 Mbps | To S7: 95.0 Mbps
  Switch S4 Load: To S6: 59.1 Mbps | To S7: 30.0 Mbps
  Switch S5 Load: To S6: 0.0 Mbps | To S7: 30.0 Mbps
=============================================

2026-05-15 16:24:47,199 - =============================================
              GLOBAL LINK LOAD
---------------------------------------------
  Switch S1 Load: To S6: 0.0 Mbps | To S7: 0.0 Mbps
  Switch S2 Load: To S7: 0.0 Mbps | To S6: 0.0 Mbps
  Switch S3 Load: To S6: 0.0 Mbps | To S7: 0.0 Mbps
  Switch S4 Load: To S6: 0.0 Mbps | To S7: 0.0 Mbps
  Switch S5 Load: To S6: 0.0 Mbps | To S7: 0.0 Mbps
=============================================

2026-05-15 16:24:48,200 - =============================================
              GLOBAL LINK LOAD
---------------------------------------------
  Switch S1 Load: To S6: 0.0 Mbps | To S7: 0.0 Mbps
  Switch S2 Load: To S7: 0.0 Mbps | To S6: 0.0 Mbps
  Switch S3 Load: To S6: 0.0 Mbps | To S7: 0.0 Mbps
  Switch S4 Load: To S6: 0.0 Mbps | To S7: 0.0 Mbps
  Switch S5 Load: To S6: 0.0 Mbps | To S7: 0.0 Mbps
=============================================

2026-05-15 16:24:49,200 - =============================================
              GLOBAL LINK LOAD
---------------------------------------------
  Switch S1 Load: To S6: 0.0 Mbps | To S7: 0.0 Mbps
  Switch S2 Load: To S7: 0.0 Mbps | To S6: 0.0 Mbps
  Switch S3 Load: To S6: 0.0 Mbps | To S7: 0.0 Mbps
  Switch S4 Load: To S6: 0.0 Mbps | To S7: 0.0 Mbps
  Switch S5 Load: To S6: 0.0 Mbps | To S7: 0.0 Mbps
=============================================

2026-05-15 16:24:50,200 - =============================================
              GLOBAL LINK LOAD
---------------------------------------------
  Switch S1 Load: To S6: 0.0 Mbps | To S7: 0.0 Mbps
  Switch S2 Load: To S7: 0.0 Mbps | To S6: 0.0 Mbps
  Switch S3 Load: To S6: 0.0 Mbps | To S7: 0.0 Mbps
  Switch S4 Load: To S6: 0.0 Mbps | To S7: 0.0 Mbps
  Switch S5 Load: To S6: 0.0 Mbps | To S7: 0.0 Mbps
=============================================

2026-05-15 16:24:51,200 - =============================================
              GLOBAL LINK LOAD
---------------------------------------------
  Switch S1 Load: To S6: 0.0 Mbps | To S7: 0.0 Mbps
  Switch S2 Load: To S7: 0.0 Mbps | To S6: 0.0 Mbps
  Switch S3 Load: To S6: 0.0 Mbps | To S7: 0.0 Mbps
  Switch S4 Load: To S6: 0.0 Mbps | To S7: 0.0 Mbps
  Switch S5 Load: To S6: 0.0 Mbps | To S7: 0.0 Mbps
=============================================

2026-05-15 16:24:52,201 - =============================================
              GLOBAL LINK LOAD
---------------------------------------------
  Switch S1 Load: To S6: 0.0 Mbps | To S7: 0.0 Mbps
  Switch S2 Load: To S7: 0.0 Mbps | To S6: 0.0 Mbps
  Switch S3 Load: To S6: 0.0 Mbps | To S7: 0.0 Mbps
  Switch S4 Load: To S6: 0.0 Mbps | To S7: 0.0 Mbps
  Switch S5 Load: To S6: 0.0 Mbps | To S7: 0.0 Mbps
=============================================

2026-05-15 16:24:53,201 - =============================================
              GLOBAL LINK LOAD
---------------------------------------------
  Switch S1 Load: To S6: 4.7 Mbps | To S7: 0.1 Mbps
  Switch S2 Load: To S7: 9.2 Mbps | To S6: 14.7 Mbps
  Switch S3 Load: To S6: 19.6 Mbps | To S7: 19.8 Mbps
  Switch S4 Load: To S6: 0.0 Mbps | To S7: 5.4 Mbps
  Switch S5 Load: To S6: 0.0 Mbps | To S7: 5.2 Mbps
=============================================

2026-05-15 16:24:54,201 - =============================================
              GLOBAL LINK LOAD
---------------------------------------------
  Switch S1 Load: To S6: 58.7 Mbps | To S7: 0.6 Mbps
  Switch S2 Load: To S7: 120.5 Mbps | To S6: 176.2 Mbps
  Switch S3 Load: To S6: 234.7 Mbps | To S7: 238.8 Mbps
  Switch S4 Load: To S6: 0.0 Mbps | To S7: 58.7 Mbps
  Switch S5 Load: To S6: 0.0 Mbps | To S7: 58.9 Mbps
=============================================

2026-05-15 16:24:55,201 - =============================================
              GLOBAL LINK LOAD
---------------------------------------------
  Switch S1 Load: To S6: 0.0 Mbps | To S7: 0.0 Mbps
  Switch S2 Load: To S7: 0.0 Mbps | To S6: 0.0 Mbps
  Switch S3 Load: To S6: 0.0 Mbps | To S7: 0.0 Mbps
  Switch S4 Load: To S6: 0.0 Mbps | To S7: 0.0 Mbps
  Switch S5 Load: To S6: 0.0 Mbps | To S7: 0.0 Mbps
=============================================

2026-05-15 16:24:56,202 - =============================================
              GLOBAL LINK LOAD
---------------------------------------------
  Switch S1 Load: To S6: 0.0 Mbps | To S7: 58.6 Mbps
  Switch S2 Load: To S7: 59.0 Mbps | To S6: 0.0 Mbps
  Switch S3 Load: To S6: 59.2 Mbps | To S7: 176.3 Mbps
  Switch S4 Load: To S6: 0.3 Mbps | To S7: 58.4 Mbps
  Switch S5 Load: To S6: 58.9 Mbps | To S7: 0.3 Mbps
=============================================

2026-05-15 16:24:57,202 - =============================================
              GLOBAL LINK LOAD
---------------------------------------------
  Switch S1 Load: To S6: 63.0 Mbps | To S7: 5.1 Mbps
  Switch S2 Load: To S7: 68.0 Mbps | To S6: 0.0 Mbps
  Switch S3 Load: To S6: 131.0 Mbps | To S7: 140.0 Mbps
  Switch S4 Load: To S6: 62.6 Mbps | To S7: 5.2 Mbps
  Switch S5 Load: To S6: 5.4 Mbps | To S7: 61.8 Mbps
=============================================

2026-05-15 16:24:58,202 - =============================================
              GLOBAL LINK LOAD
---------------------------------------------
  Switch S1 Load: To S6: 0.0 Mbps | To S7: 0.0 Mbps
  Switch S2 Load: To S7: 0.0 Mbps | To S6: 0.0 Mbps
  Switch S3 Load: To S6: 0.0 Mbps | To S7: 0.0 Mbps
  Switch S4 Load: To S6: 0.0 Mbps | To S7: 0.0 Mbps
  Switch S5 Load: To S6: 0.0 Mbps | To S7: 0.0 Mbps
=============================================

2026-05-15 16:24:59,203 - =============================================
              GLOBAL LINK LOAD
---------------------------------------------
  Switch S1 Load: To S6: 0.0 Mbps | To S7: 0.0 Mbps
  Switch S2 Load: To S7: 0.0 Mbps | To S6: 0.0 Mbps
  Switch S3 Load: To S6: 0.0 Mbps | To S7: 0.0 Mbps
  Switch S4 Load: To S6: 0.0 Mbps | To S7: 0.0 Mbps
  Switch S5 Load: To S6: 0.0 Mbps | To S7: 0.0 Mbps
=============================================

2026-05-15 16:25:00,203 - =============================================
              GLOBAL LINK LOAD
---------------------------------------------
  Switch S1 Load: To S6: 0.0 Mbps | To S7: 0.0 Mbps
  Switch S2 Load: To S7: 0.0 Mbps | To S6: 0.0 Mbps
  Switch S3 Load: To S6: 0.0 Mbps | To S7: 0.0 Mbps
  Switch S4 Load: To S6: 0.0 Mbps | To S7: 0.0 Mbps
  Switch S5 Load: To S6: 0.0 Mbps | To S7: 0.0 Mbps
=============================================

2026-05-15 16:25:01,204 - =============================================
              GLOBAL LINK LOAD
---------------------------------------------
  Switch S1 Load: To S6: 0.0 Mbps | To S7: 0.0 Mbps
  Switch S2 Load: To S7: 0.0 Mbps | To S6: 0.0 Mbps
  Switch S3 Load: To S6: 0.0 Mbps | To S7: 0.0 Mbps
  Switch S4 Load: To S6: 0.0 Mbps | To S7: 0.0 Mbps
  Switch S5 Load: To S6: 0.0 Mbps | To S7: 0.0 Mbps
=============================================

2026-05-15 16:25:02,204 - =============================================
              GLOBAL LINK LOAD
---------------------------------------------
  Switch S1 Load: To S6: 0.0 Mbps | To S7: 0.0 Mbps
  Switch S2 Load: To S7: 0.0 Mbps | To S6: 0.0 Mbps
  Switch S3 Load: To S6: 0.0 Mbps | To S7: 0.0 Mbps
  Switch S4 Load: To S6: 0.0 Mbps | To S7: 0.0 Mbps
  Switch S5 Load: To S6: 0.0 Mbps | To S7: 0.0 Mbps
=============================================

2026-05-15 16:25:03,204 - =============================================
              GLOBAL LINK LOAD
---------------------------------------------
  Switch S1 Load: To S6: 0.0 Mbps | To S7: 0.0 Mbps
  Switch S2 Load: To S7: 0.0 Mbps | To S6: 0.0 Mbps
  Switch S3 Load: To S6: 0.0 Mbps | To S7: 0.0 Mbps
  Switch S4 Load: To S6: 0.0 Mbps | To S7: 0.0 Mbps
  Switch S5 Load: To S6: 0.0 Mbps | To S7: 0.0 Mbps
=============================================

2026-05-15 16:25:04,204 - =============================================
              GLOBAL LINK LOAD
---------------------------------------------
  Switch S1 Load: To S6: 0.0 Mbps | To S7: 0.0 Mbps
  Switch S2 Load: To S7: 0.0 Mbps | To S6: 0.0 Mbps
  Switch S3 Load: To S6: 0.0 Mbps | To S7: 0.0 Mbps
  Switch S4 Load: To S6: 0.0 Mbps | To S7: 0.0 Mbps
  Switch S5 Load: To S6: 0.0 Mbps | To S7: 0.0 Mbps
=============================================

2026-05-15 16:25:05,205 - =============================================
              GLOBAL LINK LOAD
---------------------------------------------
  Switch S1 Load: To S6: 0.0 Mbps | To S7: 0.0 Mbps
  Switch S2 Load: To S7: 0.0 Mbps | To S6: 0.0 Mbps
  Switch S3 Load: To S6: 0.0 Mbps | To S7: 0.0 Mbps
  Switch S4 Load: To S6: 0.0 Mbps | To S7: 0.0 Mbps
  Switch S5 Load: To S6: 0.0 Mbps | To S7: 0.0 Mbps
=============================================

2026-05-15 16:25:06,205 - =============================================
              GLOBAL LINK LOAD
---------------------------------------------
  Switch S1 Load: To S6: 0.0 Mbps | To S7: 0.0 Mbps
  Switch S2 Load: To S7: 0.0 Mbps | To S6: 0.0 Mbps
  Switch S3 Load: To S6: 0.0 Mbps | To S7: 0.0 Mbps
  Switch S4 Load: To S6: 0.0 Mbps | To S7: 0.0 Mbps
  Switch S5 Load: To S6: 0.0 Mbps | To S7: 0.0 Mbps
=============================================

2026-05-15 16:25:07,205 - =============================================
              GLOBAL LINK LOAD
---------------------------------------------
  Switch S1 Load: To S6: 0.0 Mbps | To S7: 0.0 Mbps
  Switch S2 Load: To S7: 0.0 Mbps | To S6: 0.0 Mbps
  Switch S3 Load: To S6: 0.0 Mbps | To S7: 0.0 Mbps
  Switch S4 Load: To S6: 0.0 Mbps | To S7: 0.0 Mbps
  Switch S5 Load: To S6: 0.0 Mbps | To S7: 0.0 Mbps
=============================================

2026-05-15 16:25:08,206 - =============================================
              GLOBAL LINK LOAD
---------------------------------------------
  Switch S1 Load: To S6: 0.0 Mbps | To S7: 0.0 Mbps
  Switch S2 Load: To S7: 0.0 Mbps | To S6: 0.0 Mbps
  Switch S3 Load: To S6: 0.0 Mbps | To S7: 0.0 Mbps
  Switch S4 Load: To S6: 0.0 Mbps | To S7: 0.0 Mbps
  Switch S5 Load: To S6: 0.0 Mbps | To S7: 0.0 Mbps
=============================================

2026-05-15 16:25:09,206 - =============================================
              GLOBAL LINK LOAD
---------------------------------------------
  Switch S1 Load: To S6: 0.0 Mbps | To S7: 0.0 Mbps
  Switch S2 Load: To S7: 0.0 Mbps | To S6: 0.0 Mbps
  Switch S3 Load: To S6: 0.0 Mbps | To S7: 0.0 Mbps
  Switch S4 Load: To S6: 0.0 Mbps | To S7: 0.0 Mbps
  Switch S5 Load: To S6: 0.0 Mbps | To S7: 0.0 Mbps
=============================================

2026-05-15 16:25:10,206 - =============================================
              GLOBAL LINK LOAD
---------------------------------------------
  Switch S1 Load: To S6: 0.0 Mbps | To S7: 0.0 Mbps
  Switch S2 Load: To S7: 0.0 Mbps | To S6: 0.0 Mbps
  Switch S3 Load: To S6: 0.0 Mbps | To S7: 0.0 Mbps
  Switch S4 Load: To S6: 0.0 Mbps | To S7: 0.0 Mbps
  Switch S5 Load: To S6: 0.0 Mbps | To S7: 0.0 Mbps
=============================================

2026-05-15 16:25:11,207 - =============================================
              GLOBAL LINK LOAD
---------------------------------------------
  Switch S1 Load: To S6: 0.0 Mbps | To S7: 0.0 Mbps
  Switch S2 Load: To S7: 0.0 Mbps | To S6: 0.0 Mbps
  Switch S3 Load: To S6: 0.0 Mbps | To S7: 0.0 Mbps
  Switch S4 Load: To S6: 0.0 Mbps | To S7: 0.0 Mbps
  Switch S5 Load: To S6: 0.0 Mbps | To S7: 0.0 Mbps
=============================================

2026-05-15 16:25:12,207 - =============================================
              GLOBAL LINK LOAD
---------------------------------------------
  Switch S1 Load: To S6: 110.0 Mbps | To S7: 85.7 Mbps
  Switch S2 Load: To S7: 0.0 Mbps | To S6: 27.1 Mbps
  Switch S3 Load: To S6: 137.1 Mbps | To S7: 140.2 Mbps
  Switch S4 Load: To S6: 0.0 Mbps | To S7: 27.2 Mbps
  Switch S5 Load: To S6: 0.0 Mbps | To S7: 27.3 Mbps
=============================================

2026-05-15 16:25:13,207 - =============================================
              GLOBAL LINK LOAD
---------------------------------------------
  Switch S1 Load: To S6: 95.9 Mbps | To S7: 73.0 Mbps
  Switch S2 Load: To S7: 0.0 Mbps | To S6: 25.6 Mbps
  Switch S3 Load: To S6: 121.4 Mbps | To S7: 122.7 Mbps
  Switch S4 Load: To S6: 0.0 Mbps | To S7: 24.9 Mbps
  Switch S5 Load: To S6: 0.0 Mbps | To S7: 24.8 Mbps
=============================================

2026-05-15 16:25:14,208 - =============================================
              GLOBAL LINK LOAD
---------------------------------------------
  Switch S1 Load: To S6: 0.0 Mbps | To S7: 0.0 Mbps
  Switch S2 Load: To S7: 0.0 Mbps | To S6: 0.0 Mbps
  Switch S3 Load: To S6: 0.0 Mbps | To S7: 0.0 Mbps
  Switch S4 Load: To S6: 0.0 Mbps | To S7: 0.0 Mbps
  Switch S5 Load: To S6: 0.0 Mbps | To S7: 0.0 Mbps
=============================================

2026-05-15 16:25:15,208 - =============================================
              GLOBAL LINK LOAD
---------------------------------------------
  Switch S1 Load: To S6: 58.3 Mbps | To S7: 0.0 Mbps
  Switch S2 Load: To S7: 57.3 Mbps | To S6: 0.5 Mbps
  Switch S3 Load: To S6: 172.7 Mbps | To S7: 171.6 Mbps
  Switch S4 Load: To S6: 114.0 Mbps | To S7: 57.1 Mbps
  Switch S5 Load: To S6: 0.0 Mbps | To S7: 57.2 Mbps
=============================================

2026-05-15 16:25:16,208 - =============================================
              GLOBAL LINK LOAD
---------------------------------------------
  Switch S1 Load: To S6: 26.8 Mbps | To S7: 0.0 Mbps
  Switch S2 Load: To S7: 26.9 Mbps | To S6: 0.2 Mbps
  Switch S3 Load: To S6: 83.3 Mbps | To S7: 82.7 Mbps
  Switch S4 Load: To S6: 56.3 Mbps | To S7: 27.9 Mbps
  Switch S5 Load: To S6: 0.0 Mbps | To S7: 27.9 Mbps
=============================================

2026-05-15 16:25:17,208 - =============================================
              GLOBAL LINK LOAD
---------------------------------------------
  Switch S1 Load: To S6: 0.0 Mbps | To S7: 0.0 Mbps
  Switch S2 Load: To S7: 0.0 Mbps | To S6: 0.0 Mbps
  Switch S3 Load: To S6: 0.0 Mbps | To S7: 0.0 Mbps
  Switch S4 Load: To S6: 0.0 Mbps | To S7: 0.0 Mbps
  Switch S5 Load: To S6: 0.0 Mbps | To S7: 0.0 Mbps
=============================================

2026-05-15 16:25:18,209 - =============================================
              GLOBAL LINK LOAD
---------------------------------------------
  Switch S1 Load: To S6: 0.0 Mbps | To S7: 0.0 Mbps
  Switch S2 Load: To S7: 0.0 Mbps | To S6: 0.0 Mbps
  Switch S3 Load: To S6: 0.0 Mbps | To S7: 0.0 Mbps
  Switch S4 Load: To S6: 0.0 Mbps | To S7: 0.0 Mbps
  Switch S5 Load: To S6: 0.0 Mbps | To S7: 0.0 Mbps
=============================================

2026-05-15 16:25:19,209 - =============================================
              GLOBAL LINK LOAD
---------------------------------------------
  Switch S1 Load: To S6: 0.0 Mbps | To S7: 0.0 Mbps
  Switch S2 Load: To S7: 0.0 Mbps | To S6: 0.0 Mbps
  Switch S3 Load: To S6: 0.0 Mbps | To S7: 0.0 Mbps
  Switch S4 Load: To S6: 0.0 Mbps | To S7: 0.0 Mbps
  Switch S5 Load: To S6: 0.0 Mbps | To S7: 0.0 Mbps
=============================================

2026-05-15 16:25:20,209 - =============================================
              GLOBAL LINK LOAD
---------------------------------------------
  Switch S1 Load: To S6: 0.0 Mbps | To S7: 0.0 Mbps
  Switch S2 Load: To S7: 0.0 Mbps | To S6: 0.0 Mbps
  Switch S3 Load: To S6: 0.0 Mbps | To S7: 0.0 Mbps
  Switch S4 Load: To S6: 0.0 Mbps | To S7: 0.0 Mbps
  Switch S5 Load: To S6: 0.0 Mbps | To S7: 0.0 Mbps
=============================================

2026-05-15 16:25:21,210 - =============================================
              GLOBAL LINK LOAD
---------------------------------------------
  Switch S1 Load: To S6: 0.0 Mbps | To S7: 0.0 Mbps
  Switch S2 Load: To S7: 0.0 Mbps | To S6: 0.0 Mbps
  Switch S3 Load: To S6: 0.0 Mbps | To S7: 0.0 Mbps
  Switch S4 Load: To S6: 0.0 Mbps | To S7: 0.0 Mbps
  Switch S5 Load: To S6: 0.0 Mbps | To S7: 0.0 Mbps
=============================================

2026-05-15 16:25:22,210 - =============================================
              GLOBAL LINK LOAD
---------------------------------------------
  Switch S1 Load: To S6: 0.0 Mbps | To S7: 0.0 Mbps
  Switch S2 Load: To S7: 0.0 Mbps | To S6: 0.0 Mbps
  Switch S3 Load: To S6: 0.0 Mbps | To S7: 0.0 Mbps
  Switch S4 Load: To S6: 0.0 Mbps | To S7: 0.0 Mbps
  Switch S5 Load: To S6: 0.0 Mbps | To S7: 0.0 Mbps
=============================================

2026-05-15 16:25:23,210 - =============================================
              GLOBAL LINK LOAD
---------------------------------------------
  Switch S1 Load: To S6: 0.0 Mbps | To S7: 0.0 Mbps
  Switch S2 Load: To S7: 0.0 Mbps | To S6: 0.0 Mbps
  Switch S3 Load: To S6: 0.0 Mbps | To S7: 0.0 Mbps
  Switch S4 Load: To S6: 0.0 Mbps | To S7: 0.0 Mbps
  Switch S5 Load: To S6: 0.0 Mbps | To S7: 0.0 Mbps
=============================================

2026-05-15 16:25:24,211 - =============================================
              GLOBAL LINK LOAD
---------------------------------------------
  Switch S1 Load: To S6: 0.0 Mbps | To S7: 0.0 Mbps
  Switch S2 Load: To S7: 0.0 Mbps | To S6: 0.0 Mbps
  Switch S3 Load: To S6: 0.0 Mbps | To S7: 0.0 Mbps
  Switch S4 Load: To S6: 0.0 Mbps | To S7: 0.0 Mbps
  Switch S5 Load: To S6: 0.0 Mbps | To S7: 0.0 Mbps
=============================================

2026-05-15 16:25:25,211 - =============================================
              GLOBAL LINK LOAD
---------------------------------------------
  Switch S1 Load: To S6: 0.0 Mbps | To S7: 0.0 Mbps
  Switch S2 Load: To S7: 0.0 Mbps | To S6: 0.0 Mbps
  Switch S3 Load: To S6: 0.0 Mbps | To S7: 0.0 Mbps
  Switch S4 Load: To S6: 0.0 Mbps | To S7: 0.0 Mbps
  Switch S5 Load: To S6: 0.0 Mbps | To S7: 0.0 Mbps
=============================================

2026-05-15 16:25:26,212 - =============================================
              GLOBAL LINK LOAD
---------------------------------------------
  Switch S1 Load: To S6: 0.0 Mbps | To S7: 0.0 Mbps
  Switch S2 Load: To S7: 0.0 Mbps | To S6: 0.0 Mbps
  Switch S3 Load: To S6: 0.0 Mbps | To S7: 0.0 Mbps
  Switch S4 Load: To S6: 0.0 Mbps | To S7: 0.0 Mbps
  Switch S5 Load: To S6: 0.0 Mbps | To S7: 0.0 Mbps
=============================================

2026-05-15 16:25:27,212 - =============================================
              GLOBAL LINK LOAD
---------------------------------------------
  Switch S1 Load: To S6: 0.0 Mbps | To S7: 0.0 Mbps
  Switch S2 Load: To S7: 0.0 Mbps | To S6: 0.0 Mbps
  Switch S3 Load: To S6: 0.0 Mbps | To S7: 0.0 Mbps
  Switch S4 Load: To S6: 0.0 Mbps | To S7: 0.0 Mbps
  Switch S5 Load: To S6: 0.0 Mbps | To S7: 0.0 Mbps
=============================================

2026-05-15 16:25:28,212 - =============================================
              GLOBAL LINK LOAD
---------------------------------------------
  Switch S1 Load: To S6: 0.0 Mbps | To S7: 0.0 Mbps
  Switch S2 Load: To S7: 0.0 Mbps | To S6: 0.0 Mbps
  Switch S3 Load: To S6: 0.0 Mbps | To S7: 0.0 Mbps
  Switch S4 Load: To S6: 0.0 Mbps | To S7: 0.0 Mbps
  Switch S5 Load: To S6: 0.0 Mbps | To S7: 0.0 Mbps
=============================================

2026-05-15 16:25:29,212 - =============================================
              GLOBAL LINK LOAD
---------------------------------------------
  Switch S1 Load: To S6: 0.0 Mbps | To S7: 0.0 Mbps
  Switch S2 Load: To S7: 0.0 Mbps | To S6: 0.0 Mbps
  Switch S3 Load: To S6: 0.0 Mbps | To S7: 0.0 Mbps
  Switch S4 Load: To S6: 0.0 Mbps | To S7: 0.0 Mbps
  Switch S5 Load: To S6: 0.0 Mbps | To S7: 0.0 Mbps
=============================================

2026-05-15 16:25:30,213 - =============================================
              GLOBAL LINK LOAD
---------------------------------------------
  Switch S1 Load: To S6: 0.0 Mbps | To S7: 0.0 Mbps
  Switch S2 Load: To S7: 0.0 Mbps | To S6: 0.0 Mbps
  Switch S3 Load: To S6: 0.0 Mbps | To S7: 0.0 Mbps
  Switch S4 Load: To S6: 0.0 Mbps | To S7: 0.0 Mbps
  Switch S5 Load: To S6: 0.0 Mbps | To S7: 0.0 Mbps
=============================================

2026-05-15 16:25:31,213 - =============================================
              GLOBAL LINK LOAD
---------------------------------------------
  Switch S1 Load: To S6: 0.0 Mbps | To S7: 0.0 Mbps
  Switch S2 Load: To S7: 0.0 Mbps | To S6: 0.0 Mbps
  Switch S3 Load: To S6: 0.0 Mbps | To S7: 0.0 Mbps
  Switch S4 Load: To S6: 0.0 Mbps | To S7: 0.0 Mbps
  Switch S5 Load: To S6: 0.0 Mbps | To S7: 0.0 Mbps
=============================================

2026-05-15 16:25:32,213 - =============================================
              GLOBAL LINK LOAD
---------------------------------------------
  Switch S1 Load: To S6: 0.0 Mbps | To S7: 0.0 Mbps
  Switch S2 Load: To S7: 0.0 Mbps | To S6: 0.0 Mbps
  Switch S3 Load: To S6: 0.0 Mbps | To S7: 0.0 Mbps
  Switch S4 Load: To S6: 0.0 Mbps | To S7: 0.0 Mbps
  Switch S5 Load: To S6: 0.0 Mbps | To S7: 0.0 Mbps
=============================================

2026-05-15 16:25:33,213 - =============================================
              GLOBAL LINK LOAD
---------------------------------------------
  Switch S1 Load: To S6: 6.9 Mbps | To S7: 0.1 Mbps
  Switch S2 Load: To S7: 20.9 Mbps | To S6: 13.5 Mbps
  Switch S3 Load: To S6: 27.2 Mbps | To S7: 27.1 Mbps
  Switch S4 Load: To S6: 6.7 Mbps | To S7: 0.1 Mbps
  Switch S5 Load: To S6: 0.0 Mbps | To S7: 6.1 Mbps
=============================================

2026-05-15 16:25:34,214 - =============================================
              GLOBAL LINK LOAD
---------------------------------------------
  Switch S1 Load: To S6: 56.5 Mbps | To S7: 0.6 Mbps
  Switch S2 Load: To S7: 172.0 Mbps | To S6: 113.9 Mbps
  Switch S3 Load: To S6: 227.0 Mbps | To S7: 231.0 Mbps
  Switch S4 Load: To S6: 56.6 Mbps | To S7: 0.5 Mbps
  Switch S5 Load: To S6: 0.0 Mbps | To S7: 58.0 Mbps
=============================================

2026-05-15 16:25:35,214 - =============================================
              GLOBAL LINK LOAD
---------------------------------------------
  Switch S1 Load: To S6: 0.0 Mbps | To S7: 0.0 Mbps
  Switch S2 Load: To S7: 0.0 Mbps | To S6: 0.0 Mbps
  Switch S3 Load: To S6: 0.0 Mbps | To S7: 0.0 Mbps
  Switch S4 Load: To S6: 0.0 Mbps | To S7: 0.0 Mbps
  Switch S5 Load: To S6: 0.0 Mbps | To S7: 0.0 Mbps
=============================================

2026-05-15 16:25:36,214 - =============================================
              GLOBAL LINK LOAD
---------------------------------------------
  Switch S1 Load: To S6: 58.9 Mbps | To S7: 0.4 Mbps
  Switch S2 Load: To S7: 54.4 Mbps | To S6: 0.0 Mbps
  Switch S3 Load: To S6: 116.8 Mbps | To S7: 112.9 Mbps
  Switch S4 Load: To S6: 58.0 Mbps | To S7: 0.0 Mbps
  Switch S5 Load: To S6: 0.0 Mbps | To S7: 58.2 Mbps
=============================================

2026-05-15 16:25:37,214 - =============================================
              GLOBAL LINK LOAD
---------------------------------------------
  Switch S1 Load: To S6: 67.1 Mbps | To S7: 0.4 Mbps
  Switch S2 Load: To S7: 72.1 Mbps | To S6: 0.0 Mbps
  Switch S3 Load: To S6: 135.7 Mbps | To S7: 141.1 Mbps
  Switch S4 Load: To S6: 68.5 Mbps | To S7: 0.0 Mbps
  Switch S5 Load: To S6: 0.0 Mbps | To S7: 68.5 Mbps
=============================================

2026-05-15 16:25:38,215 - =============================================
              GLOBAL LINK LOAD
---------------------------------------------
  Switch S1 Load: To S6: 0.0 Mbps | To S7: 0.0 Mbps
  Switch S2 Load: To S7: 0.0 Mbps | To S6: 0.0 Mbps
  Switch S3 Load: To S6: 0.0 Mbps | To S7: 0.0 Mbps
  Switch S4 Load: To S6: 0.0 Mbps | To S7: 0.0 Mbps
  Switch S5 Load: To S6: 0.0 Mbps | To S7: 0.0 Mbps
=============================================

2026-05-15 16:25:39,215 - =============================================
              GLOBAL LINK LOAD
---------------------------------------------
  Switch S1 Load: To S6: 0.0 Mbps | To S7: 0.0 Mbps
  Switch S2 Load: To S7: 0.0 Mbps | To S6: 0.0 Mbps
  Switch S3 Load: To S6: 0.0 Mbps | To S7: 0.0 Mbps
  Switch S4 Load: To S6: 0.0 Mbps | To S7: 0.0 Mbps
  Switch S5 Load: To S6: 0.0 Mbps | To S7: 0.0 Mbps
=============================================

2026-05-15 16:25:40,216 - =============================================
              GLOBAL LINK LOAD
---------------------------------------------
  Switch S1 Load: To S6: 0.0 Mbps | To S7: 0.0 Mbps
  Switch S2 Load: To S7: 0.0 Mbps | To S6: 0.0 Mbps
  Switch S3 Load: To S6: 0.0 Mbps | To S7: 0.0 Mbps
  Switch S4 Load: To S6: 0.0 Mbps | To S7: 0.0 Mbps
  Switch S5 Load: To S6: 0.0 Mbps | To S7: 0.0 Mbps
=============================================

2026-05-15 16:25:41,216 - =============================================
              GLOBAL LINK LOAD
---------------------------------------------
  Switch S1 Load: To S6: 0.0 Mbps | To S7: 0.0 Mbps
  Switch S2 Load: To S7: 0.0 Mbps | To S6: 0.0 Mbps
  Switch S3 Load: To S6: 0.0 Mbps | To S7: 0.0 Mbps
  Switch S4 Load: To S6: 0.0 Mbps | To S7: 0.0 Mbps
  Switch S5 Load: To S6: 0.0 Mbps | To S7: 0.0 Mbps
=============================================

2026-05-15 16:25:42,216 - =============================================
              GLOBAL LINK LOAD
---------------------------------------------
  Switch S1 Load: To S6: 116.6 Mbps | To S7: 92.0 Mbps
  Switch S2 Load: To S7: 0.0 Mbps | To S6: 29.2 Mbps
  Switch S3 Load: To S6: 145.9 Mbps | To S7: 150.5 Mbps
  Switch S4 Load: To S6: 0.0 Mbps | To S7: 30.0 Mbps
  Switch S5 Load: To S6: 0.0 Mbps | To S7: 28.7 Mbps
=============================================

2026-05-15 16:25:43,216 - =============================================
              GLOBAL LINK LOAD
---------------------------------------------
  Switch S1 Load: To S6: 89.3 Mbps | To S7: 66.9 Mbps
  Switch S2 Load: To S7: 0.0 Mbps | To S6: 22.8 Mbps
  Switch S3 Load: To S6: 112.1 Mbps | To S7: 112.7 Mbps
  Switch S4 Load: To S6: 0.0 Mbps | To S7: 22.3 Mbps
  Switch S5 Load: To S6: 0.0 Mbps | To S7: 23.4 Mbps
=============================================

2026-05-15 16:25:44,217 - =============================================
              GLOBAL LINK LOAD
---------------------------------------------
  Switch S1 Load: To S6: 0.0 Mbps | To S7: 0.0 Mbps
  Switch S2 Load: To S7: 0.0 Mbps | To S6: 0.0 Mbps
  Switch S3 Load: To S6: 0.0 Mbps | To S7: 0.0 Mbps
  Switch S4 Load: To S6: 0.0 Mbps | To S7: 0.0 Mbps
  Switch S5 Load: To S6: 0.0 Mbps | To S7: 0.0 Mbps
=============================================

2026-05-15 16:25:45,217 - =============================================
              GLOBAL LINK LOAD
---------------------------------------------
  Switch S1 Load: To S6: 57.4 Mbps | To S7: 0.0 Mbps
  Switch S2 Load: To S7: 56.1 Mbps | To S6: 0.5 Mbps
  Switch S3 Load: To S6: 170.6 Mbps | To S7: 167.5 Mbps
  Switch S4 Load: To S6: 112.8 Mbps | To S7: 56.4 Mbps
  Switch S5 Load: To S6: 0.0 Mbps | To S7: 55.1 Mbps
=============================================

2026-05-15 16:25:46,218 - =============================================
              GLOBAL LINK LOAD
---------------------------------------------
  Switch S1 Load: To S6: 27.8 Mbps | To S7: 0.0 Mbps
  Switch S2 Load: To S7: 28.3 Mbps | To S6: 0.2 Mbps
  Switch S3 Load: To S6: 85.6 Mbps | To S7: 87.0 Mbps
  Switch S4 Load: To S6: 57.5 Mbps | To S7: 28.8 Mbps
  Switch S5 Load: To S6: 0.0 Mbps | To S7: 29.8 Mbps
=============================================

2026-05-15 16:25:47,218 - =============================================
              GLOBAL LINK LOAD
---------------------------------------------
  Switch S1 Load: To S6: 0.0 Mbps | To S7: 0.0 Mbps
  Switch S2 Load: To S7: 0.0 Mbps | To S6: 0.0 Mbps
  Switch S3 Load: To S6: 0.0 Mbps | To S7: 0.0 Mbps
  Switch S4 Load: To S6: 0.0 Mbps | To S7: 0.0 Mbps
  Switch S5 Load: To S6: 0.0 Mbps | To S7: 0.0 Mbps
=============================================

2026-05-15 16:25:48,219 - =============================================
              GLOBAL LINK LOAD
---------------------------------------------
  Switch S1 Load: To S6: 0.0 Mbps | To S7: 0.0 Mbps
  Switch S2 Load: To S7: 0.0 Mbps | To S6: 0.0 Mbps
  Switch S3 Load: To S6: 0.0 Mbps | To S7: 0.0 Mbps
  Switch S4 Load: To S6: 0.0 Mbps | To S7: 0.0 Mbps
  Switch S5 Load: To S6: 0.0 Mbps | To S7: 0.0 Mbps
=============================================

2026-05-15 16:25:49,219 - =============================================
              GLOBAL LINK LOAD
---------------------------------------------
  Switch S1 Load: To S6: 0.0 Mbps | To S7: 0.0 Mbps
  Switch S2 Load: To S7: 0.0 Mbps | To S6: 0.0 Mbps
  Switch S3 Load: To S6: 0.0 Mbps | To S7: 0.0 Mbps
  Switch S4 Load: To S6: 0.0 Mbps | To S7: 0.0 Mbps
  Switch S5 Load: To S6: 0.0 Mbps | To S7: 0.0 Mbps
=============================================

2026-05-15 16:25:50,220 - =============================================
              GLOBAL LINK LOAD
---------------------------------------------
  Switch S1 Load: To S6: 0.0 Mbps | To S7: 0.0 Mbps
  Switch S2 Load: To S7: 0.0 Mbps | To S6: 0.0 Mbps
  Switch S3 Load: To S6: 0.0 Mbps | To S7: 0.0 Mbps
  Switch S4 Load: To S6: 0.0 Mbps | To S7: 0.0 Mbps
  Switch S5 Load: To S6: 0.0 Mbps | To S7: 0.0 Mbps
=============================================

2026-05-15 16:25:51,220 - =============================================
              GLOBAL LINK LOAD
---------------------------------------------
  Switch S1 Load: To S6: 0.0 Mbps | To S7: 0.0 Mbps
  Switch S2 Load: To S7: 0.0 Mbps | To S6: 0.0 Mbps
  Switch S3 Load: To S6: 0.0 Mbps | To S7: 0.0 Mbps
  Switch S4 Load: To S6: 0.0 Mbps | To S7: 0.0 Mbps
  Switch S5 Load: To S6: 0.0 Mbps | To S7: 0.0 Mbps
=============================================

2026-05-15 16:25:52,220 - =============================================
              GLOBAL LINK LOAD
---------------------------------------------
  Switch S1 Load: To S6: 0.0 Mbps | To S7: 0.0 Mbps
  Switch S2 Load: To S7: 0.0 Mbps | To S6: 0.0 Mbps
  Switch S3 Load: To S6: 0.0 Mbps | To S7: 0.0 Mbps
  Switch S4 Load: To S6: 0.0 Mbps | To S7: 0.0 Mbps
  Switch S5 Load: To S6: 0.0 Mbps | To S7: 0.0 Mbps
=============================================

2026-05-15 16:25:53,221 - =============================================
              GLOBAL LINK LOAD
---------------------------------------------
  Switch S1 Load: To S6: 0.0 Mbps | To S7: 0.0 Mbps
  Switch S2 Load: To S7: 0.0 Mbps | To S6: 0.0 Mbps
  Switch S3 Load: To S6: 0.0 Mbps | To S7: 0.0 Mbps
  Switch S4 Load: To S6: 0.0 Mbps | To S7: 0.0 Mbps
  Switch S5 Load: To S6: 0.0 Mbps | To S7: 0.0 Mbps
=============================================

2026-05-15 16:25:54,221 - =============================================
              GLOBAL LINK LOAD
---------------------------------------------
  Switch S1 Load: To S6: 0.0 Mbps | To S7: 0.0 Mbps
  Switch S2 Load: To S7: 0.0 Mbps | To S6: 0.0 Mbps
  Switch S3 Load: To S6: 0.0 Mbps | To S7: 0.0 Mbps
  Switch S4 Load: To S6: 0.0 Mbps | To S7: 0.0 Mbps
  Switch S5 Load: To S6: 0.0 Mbps | To S7: 0.0 Mbps
=============================================

2026-05-15 16:25:55,221 - =============================================
              GLOBAL LINK LOAD
---------------------------------------------
  Switch S1 Load: To S6: 0.0 Mbps | To S7: 0.0 Mbps
  Switch S2 Load: To S7: 0.0 Mbps | To S6: 0.0 Mbps
  Switch S3 Load: To S6: 0.0 Mbps | To S7: 0.0 Mbps
  Switch S4 Load: To S6: 0.0 Mbps | To S7: 0.0 Mbps
  Switch S5 Load: To S6: 0.0 Mbps | To S7: 0.0 Mbps
=============================================

2026-05-15 16:25:56,221 - =============================================
              GLOBAL LINK LOAD
---------------------------------------------
  Switch S1 Load: To S6: 0.0 Mbps | To S7: 0.0 Mbps
  Switch S2 Load: To S7: 0.0 Mbps | To S6: 0.0 Mbps
  Switch S3 Load: To S6: 0.0 Mbps | To S7: 0.0 Mbps
  Switch S4 Load: To S6: 0.0 Mbps | To S7: 0.0 Mbps
  Switch S5 Load: To S6: 0.0 Mbps | To S7: 0.0 Mbps
=============================================

2026-05-15 16:25:57,222 - =============================================
              GLOBAL LINK LOAD
---------------------------------------------
  Switch S1 Load: To S6: 0.0 Mbps | To S7: 0.0 Mbps
  Switch S2 Load: To S7: 0.0 Mbps | To S6: 0.0 Mbps
  Switch S3 Load: To S6: 0.0 Mbps | To S7: 0.0 Mbps
  Switch S4 Load: To S6: 0.0 Mbps | To S7: 0.0 Mbps
  Switch S5 Load: To S6: 0.0 Mbps | To S7: 0.0 Mbps
=============================================

2026-05-15 16:25:58,223 - =============================================
              GLOBAL LINK LOAD
---------------------------------------------
  Switch S1 Load: To S6: 0.0 Mbps | To S7: 0.0 Mbps
  Switch S2 Load: To S7: 0.0 Mbps | To S6: 0.0 Mbps
  Switch S3 Load: To S6: 0.0 Mbps | To S7: 0.0 Mbps
  Switch S4 Load: To S6: 0.0 Mbps | To S7: 0.0 Mbps
  Switch S5 Load: To S6: 0.0 Mbps | To S7: 0.0 Mbps
=============================================

2026-05-15 16:25:59,223 - =============================================
              GLOBAL LINK LOAD
---------------------------------------------
  Switch S1 Load: To S6: 0.0 Mbps | To S7: 0.0 Mbps
  Switch S2 Load: To S7: 0.0 Mbps | To S6: 0.0 Mbps
  Switch S3 Load: To S6: 0.0 Mbps | To S7: 0.0 Mbps
  Switch S4 Load: To S6: 0.0 Mbps | To S7: 0.0 Mbps
  Switch S5 Load: To S6: 0.0 Mbps | To S7: 0.0 Mbps
=============================================

2026-05-15 16:26:00,224 - =============================================
              GLOBAL LINK LOAD
---------------------------------------------
  Switch S1 Load: To S6: 0.0 Mbps | To S7: 0.0 Mbps
  Switch S2 Load: To S7: 0.0 Mbps | To S6: 0.0 Mbps
  Switch S3 Load: To S6: 0.0 Mbps | To S7: 0.0 Mbps
  Switch S4 Load: To S6: 0.0 Mbps | To S7: 0.0 Mbps
  Switch S5 Load: To S6: 0.0 Mbps | To S7: 0.0 Mbps
=============================================

2026-05-15 16:26:01,224 - =============================================
              GLOBAL LINK LOAD
---------------------------------------------
  Switch S1 Load: To S6: 0.0 Mbps | To S7: 0.0 Mbps
  Switch S2 Load: To S7: 0.0 Mbps | To S6: 0.0 Mbps
  Switch S3 Load: To S6: 0.0 Mbps | To S7: 0.0 Mbps
  Switch S4 Load: To S6: 0.0 Mbps | To S7: 0.0 Mbps
  Switch S5 Load: To S6: 0.0 Mbps | To S7: 0.0 Mbps
=============================================

2026-05-15 16:26:02,224 - =============================================
              GLOBAL LINK LOAD
---------------------------------------------
  Switch S1 Load: To S6: 0.0 Mbps | To S7: 0.0 Mbps
  Switch S2 Load: To S7: 0.0 Mbps | To S6: 0.0 Mbps
  Switch S3 Load: To S6: 0.0 Mbps | To S7: 0.0 Mbps
  Switch S4 Load: To S6: 0.0 Mbps | To S7: 0.0 Mbps
  Switch S5 Load: To S6: 0.0 Mbps | To S7: 0.0 Mbps
=============================================

2026-05-15 16:26:03,225 - =============================================
              GLOBAL LINK LOAD
---------------------------------------------
  Switch S1 Load: To S6: 0.0 Mbps | To S7: 0.0 Mbps
  Switch S2 Load: To S7: 0.0 Mbps | To S6: 0.0 Mbps
  Switch S3 Load: To S6: 0.0 Mbps | To S7: 0.0 Mbps
  Switch S4 Load: To S6: 0.0 Mbps | To S7: 0.0 Mbps
  Switch S5 Load: To S6: 0.0 Mbps | To S7: 0.0 Mbps
=============================================

2026-05-15 16:26:04,225 - =============================================
              GLOBAL LINK LOAD
---------------------------------------------
  Switch S1 Load: To S6: 0.0 Mbps | To S7: 0.0 Mbps
  Switch S2 Load: To S7: 0.0 Mbps | To S6: 0.0 Mbps
  Switch S3 Load: To S6: 0.0 Mbps | To S7: 0.0 Mbps
  Switch S4 Load: To S6: 0.0 Mbps | To S7: 0.0 Mbps
  Switch S5 Load: To S6: 0.0 Mbps | To S7: 0.0 Mbps
=============================================

2026-05-15 16:26:05,226 - =============================================
              GLOBAL LINK LOAD
---------------------------------------------
  Switch S1 Load: To S6: 0.0 Mbps | To S7: 0.0 Mbps
  Switch S2 Load: To S7: 0.0 Mbps | To S6: 0.0 Mbps
  Switch S3 Load: To S6: 0.0 Mbps | To S7: 0.0 Mbps
  Switch S4 Load: To S6: 0.0 Mbps | To S7: 0.0 Mbps
  Switch S5 Load: To S6: 0.0 Mbps | To S7: 0.0 Mbps
=============================================

2026-05-15 16:26:06,226 - =============================================
              GLOBAL LINK LOAD
---------------------------------------------
  Switch S1 Load: To S6: 0.0 Mbps | To S7: 0.0 Mbps
  Switch S2 Load: To S7: 0.0 Mbps | To S6: 0.0 Mbps
  Switch S3 Load: To S6: 0.0 Mbps | To S7: 0.0 Mbps
  Switch S4 Load: To S6: 0.0 Mbps | To S7: 0.0 Mbps
  Switch S5 Load: To S6: 0.0 Mbps | To S7: 0.0 Mbps
=============================================

2026-05-15 16:26:07,227 - =============================================
              GLOBAL LINK LOAD
---------------------------------------------
  Switch S1 Load: To S6: 0.0 Mbps | To S7: 0.0 Mbps
  Switch S2 Load: To S7: 0.0 Mbps | To S6: 0.0 Mbps
  Switch S3 Load: To S6: 0.0 Mbps | To S7: 0.0 Mbps
  Switch S4 Load: To S6: 0.0 Mbps | To S7: 0.0 Mbps
  Switch S5 Load: To S6: 0.0 Mbps | To S7: 0.0 Mbps
=============================================

2026-05-15 16:26:08,227 - =============================================
              GLOBAL LINK LOAD
---------------------------------------------
  Switch S1 Load: To S6: 0.0 Mbps | To S7: 0.0 Mbps
  Switch S2 Load: To S7: 0.0 Mbps | To S6: 0.0 Mbps
  Switch S3 Load: To S6: 0.0 Mbps | To S7: 0.0 Mbps
  Switch S4 Load: To S6: 0.0 Mbps | To S7: 0.0 Mbps
  Switch S5 Load: To S6: 0.0 Mbps | To S7: 0.0 Mbps
=============================================

2026-05-15 16:26:09,228 - =============================================
              GLOBAL LINK LOAD
---------------------------------------------
  Switch S1 Load: To S6: 0.0 Mbps | To S7: 0.0 Mbps
  Switch S2 Load: To S7: 0.0 Mbps | To S6: 0.0 Mbps
  Switch S3 Load: To S6: 0.0 Mbps | To S7: 0.0 Mbps
  Switch S4 Load: To S6: 0.0 Mbps | To S7: 0.0 Mbps
  Switch S5 Load: To S6: 0.0 Mbps | To S7: 0.0 Mbps
=============================================

2026-05-15 16:26:10,228 - =============================================
              GLOBAL LINK LOAD
---------------------------------------------
  Switch S1 Load: To S6: 0.0 Mbps | To S7: 0.0 Mbps
  Switch S2 Load: To S7: 0.0 Mbps | To S6: 0.0 Mbps
  Switch S3 Load: To S6: 0.0 Mbps | To S7: 0.0 Mbps
  Switch S4 Load: To S6: 0.0 Mbps | To S7: 0.0 Mbps
  Switch S5 Load: To S6: 0.0 Mbps | To S7: 0.0 Mbps
=============================================

2026-05-15 16:26:11,228 - =============================================
              GLOBAL LINK LOAD
---------------------------------------------
  Switch S1 Load: To S6: 0.0 Mbps | To S7: 0.0 Mbps
  Switch S2 Load: To S7: 0.0 Mbps | To S6: 0.0 Mbps
  Switch S3 Load: To S6: 0.0 Mbps | To S7: 0.0 Mbps
  Switch S4 Load: To S6: 0.0 Mbps | To S7: 0.0 Mbps
  Switch S5 Load: To S6: 0.0 Mbps | To S7: 0.0 Mbps
=============================================

2026-05-15 16:26:12,228 - =============================================
              GLOBAL LINK LOAD
---------------------------------------------
  Switch S1 Load: To S6: 0.0 Mbps | To S7: 0.0 Mbps
  Switch S2 Load: To S7: 0.0 Mbps | To S6: 0.0 Mbps
  Switch S3 Load: To S6: 0.0 Mbps | To S7: 0.0 Mbps
  Switch S4 Load: To S6: 0.0 Mbps | To S7: 0.0 Mbps
  Switch S5 Load: To S6: 0.0 Mbps | To S7: 0.0 Mbps
=============================================

2026-05-15 16:26:13,229 - =============================================
              GLOBAL LINK LOAD
---------------------------------------------
  Switch S1 Load: To S6: 4.0 Mbps | To S7: 0.0 Mbps
  Switch S2 Load: To S7: 10.7 Mbps | To S6: 5.4 Mbps
  Switch S3 Load: To S6: 12.8 Mbps | To S7: 13.7 Mbps
  Switch S4 Load: To S6: 3.2 Mbps | To S7: 0.0 Mbps
  Switch S5 Load: To S6: 0.0 Mbps | To S7: 2.5 Mbps
=============================================

2026-05-15 16:26:14,229 - =============================================
              GLOBAL LINK LOAD
---------------------------------------------
  Switch S1 Load: To S6: 59.5 Mbps | To S7: 0.7 Mbps
  Switch S2 Load: To S7: 182.3 Mbps | To S6: 122.0 Mbps
  Switch S3 Load: To S6: 241.4 Mbps | To S7: 245.0 Mbps
  Switch S4 Load: To S6: 60.2 Mbps | To S7: 0.7 Mbps
  Switch S5 Load: To S6: 0.0 Mbps | To S7: 61.6 Mbps
=============================================

2026-05-15 16:26:15,229 - =============================================
              GLOBAL LINK LOAD
---------------------------------------------
  Switch S1 Load: To S6: 0.0 Mbps | To S7: 0.0 Mbps
  Switch S2 Load: To S7: 0.0 Mbps | To S6: 0.0 Mbps
  Switch S3 Load: To S6: 0.0 Mbps | To S7: 0.0 Mbps
  Switch S4 Load: To S6: 0.0 Mbps | To S7: 0.0 Mbps
  Switch S5 Load: To S6: 0.0 Mbps | To S7: 0.0 Mbps
=============================================

2026-05-15 16:26:16,230 - =============================================
              GLOBAL LINK LOAD
---------------------------------------------
  Switch S1 Load: To S6: 61.7 Mbps | To S7: 0.4 Mbps
  Switch S2 Load: To S7: 61.5 Mbps | To S6: 0.0 Mbps
  Switch S3 Load: To S6: 123.8 Mbps | To S7: 123.4 Mbps
  Switch S4 Load: To S6: 62.1 Mbps | To S7: 0.0 Mbps
  Switch S5 Load: To S6: 0.0 Mbps | To S7: 61.4 Mbps
=============================================

2026-05-15 16:26:17,230 - =============================================
              GLOBAL LINK LOAD
---------------------------------------------
  Switch S1 Load: To S6: 64.1 Mbps | To S7: 0.4 Mbps
  Switch S2 Load: To S7: 65.2 Mbps | To S6: 0.0 Mbps
  Switch S3 Load: To S6: 128.7 Mbps | To S7: 130.6 Mbps
  Switch S4 Load: To S6: 64.7 Mbps | To S7: 0.0 Mbps
  Switch S5 Load: To S6: 0.0 Mbps | To S7: 65.2 Mbps
=============================================

2026-05-15 16:26:18,230 - =============================================
              GLOBAL LINK LOAD
---------------------------------------------
  Switch S1 Load: To S6: 0.0 Mbps | To S7: 0.0 Mbps
  Switch S2 Load: To S7: 0.0 Mbps | To S6: 0.0 Mbps
  Switch S3 Load: To S6: 0.0 Mbps | To S7: 0.0 Mbps
  Switch S4 Load: To S6: 0.0 Mbps | To S7: 0.0 Mbps
  Switch S5 Load: To S6: 0.0 Mbps | To S7: 0.0 Mbps
=============================================

2026-05-15 16:26:19,230 - =============================================
              GLOBAL LINK LOAD
---------------------------------------------
  Switch S1 Load: To S6: 0.0 Mbps | To S7: 0.0 Mbps
  Switch S2 Load: To S7: 0.0 Mbps | To S6: 0.0 Mbps
  Switch S3 Load: To S6: 0.0 Mbps | To S7: 0.0 Mbps
  Switch S4 Load: To S6: 0.0 Mbps | To S7: 0.0 Mbps
  Switch S5 Load: To S6: 0.0 Mbps | To S7: 0.0 Mbps
=============================================

2026-05-15 16:26:20,231 - =============================================
              GLOBAL LINK LOAD
---------------------------------------------
  Switch S1 Load: To S6: 0.0 Mbps | To S7: 0.0 Mbps
  Switch S2 Load: To S7: 0.0 Mbps | To S6: 0.0 Mbps
  Switch S3 Load: To S6: 0.0 Mbps | To S7: 0.0 Mbps
  Switch S4 Load: To S6: 0.0 Mbps | To S7: 0.0 Mbps
  Switch S5 Load: To S6: 0.0 Mbps | To S7: 0.0 Mbps
=============================================

2026-05-15 16:26:21,231 - =============================================
              GLOBAL LINK LOAD
---------------------------------------------
  Switch S1 Load: To S6: 0.0 Mbps | To S7: 0.0 Mbps
  Switch S2 Load: To S7: 0.0 Mbps | To S6: 0.0 Mbps
  Switch S3 Load: To S6: 0.0 Mbps | To S7: 0.0 Mbps
  Switch S4 Load: To S6: 0.0 Mbps | To S7: 0.0 Mbps
  Switch S5 Load: To S6: 0.0 Mbps | To S7: 0.0 Mbps
=============================================

2026-05-15 16:26:22,231 - =============================================
              GLOBAL LINK LOAD
---------------------------------------------
  Switch S1 Load: To S6: 0.0 Mbps | To S7: 0.0 Mbps
  Switch S2 Load: To S7: 0.0 Mbps | To S6: 0.0 Mbps
  Switch S3 Load: To S6: 0.0 Mbps | To S7: 0.0 Mbps
  Switch S4 Load: To S6: 0.0 Mbps | To S7: 0.0 Mbps
  Switch S5 Load: To S6: 0.0 Mbps | To S7: 0.0 Mbps
=============================================

2026-05-15 16:26:23,232 - =============================================
              GLOBAL LINK LOAD
---------------------------------------------
  Switch S1 Load: To S6: 0.0 Mbps | To S7: 0.0 Mbps
  Switch S2 Load: To S7: 0.0 Mbps | To S6: 0.0 Mbps
  Switch S3 Load: To S6: 0.0 Mbps | To S7: 0.0 Mbps
  Switch S4 Load: To S6: 0.0 Mbps | To S7: 0.0 Mbps
  Switch S5 Load: To S6: 0.0 Mbps | To S7: 0.0 Mbps
=============================================

2026-05-15 16:26:24,232 - =============================================
              GLOBAL LINK LOAD
---------------------------------------------
  Switch S1 Load: To S6: 0.0 Mbps | To S7: 0.0 Mbps
  Switch S2 Load: To S7: 0.0 Mbps | To S6: 0.0 Mbps
  Switch S3 Load: To S6: 0.0 Mbps | To S7: 0.0 Mbps
  Switch S4 Load: To S6: 0.0 Mbps | To S7: 0.0 Mbps
  Switch S5 Load: To S6: 0.0 Mbps | To S7: 0.0 Mbps
=============================================

2026-05-15 16:26:25,232 - =============================================
              GLOBAL LINK LOAD
---------------------------------------------
  Switch S1 Load: To S6: 0.0 Mbps | To S7: 0.0 Mbps
  Switch S2 Load: To S7: 0.0 Mbps | To S6: 0.0 Mbps
  Switch S3 Load: To S6: 0.0 Mbps | To S7: 0.0 Mbps
  Switch S4 Load: To S6: 0.0 Mbps | To S7: 0.0 Mbps
  Switch S5 Load: To S6: 0.0 Mbps | To S7: 0.0 Mbps
=============================================

2026-05-15 16:26:26,232 - =============================================
              GLOBAL LINK LOAD
---------------------------------------------
  Switch S1 Load: To S6: 0.0 Mbps | To S7: 0.0 Mbps
  Switch S2 Load: To S7: 0.0 Mbps | To S6: 0.0 Mbps
  Switch S3 Load: To S6: 0.0 Mbps | To S7: 0.0 Mbps
  Switch S4 Load: To S6: 0.0 Mbps | To S7: 0.0 Mbps
  Switch S5 Load: To S6: 0.0 Mbps | To S7: 0.0 Mbps
=============================================

2026-05-15 16:26:27,233 - =============================================
              GLOBAL LINK LOAD
---------------------------------------------
  Switch S1 Load: To S6: 0.0 Mbps | To S7: 0.0 Mbps
  Switch S2 Load: To S7: 0.0 Mbps | To S6: 0.0 Mbps
  Switch S3 Load: To S6: 0.0 Mbps | To S7: 0.0 Mbps
  Switch S4 Load: To S6: 0.0 Mbps | To S7: 0.0 Mbps
  Switch S5 Load: To S6: 0.0 Mbps | To S7: 0.0 Mbps
=============================================

2026-05-15 16:26:28,233 - =============================================
              GLOBAL LINK LOAD
---------------------------------------------
  Switch S1 Load: To S6: 0.0 Mbps | To S7: 0.0 Mbps
  Switch S2 Load: To S7: 0.0 Mbps | To S6: 0.0 Mbps
  Switch S3 Load: To S6: 0.0 Mbps | To S7: 0.0 Mbps
  Switch S4 Load: To S6: 0.0 Mbps | To S7: 0.0 Mbps
  Switch S5 Load: To S6: 0.0 Mbps | To S7: 0.0 Mbps
=============================================

2026-05-15 16:26:29,234 - =============================================
              GLOBAL LINK LOAD
---------------------------------------------
  Switch S1 Load: To S6: 0.0 Mbps | To S7: 0.0 Mbps
  Switch S2 Load: To S7: 0.0 Mbps | To S6: 0.0 Mbps
  Switch S3 Load: To S6: 0.0 Mbps | To S7: 0.0 Mbps
  Switch S4 Load: To S6: 0.0 Mbps | To S7: 0.0 Mbps
  Switch S5 Load: To S6: 0.0 Mbps | To S7: 0.0 Mbps
=============================================

2026-05-15 16:26:30,234 - =============================================
              GLOBAL LINK LOAD
---------------------------------------------
  Switch S1 Load: To S6: 0.0 Mbps | To S7: 0.0 Mbps
  Switch S2 Load: To S7: 0.0 Mbps | To S6: 0.0 Mbps
  Switch S3 Load: To S6: 0.0 Mbps | To S7: 0.0 Mbps
  Switch S4 Load: To S6: 0.0 Mbps | To S7: 0.0 Mbps
  Switch S5 Load: To S6: 0.0 Mbps | To S7: 0.0 Mbps
=============================================

2026-05-15 16:26:31,234 - =============================================
              GLOBAL LINK LOAD
---------------------------------------------
  Switch S1 Load: To S6: 0.0 Mbps | To S7: 0.0 Mbps
  Switch S2 Load: To S7: 0.0 Mbps | To S6: 0.0 Mbps
  Switch S3 Load: To S6: 0.0 Mbps | To S7: 0.0 Mbps
  Switch S4 Load: To S6: 0.0 Mbps | To S7: 0.0 Mbps
  Switch S5 Load: To S6: 0.0 Mbps | To S7: 0.0 Mbps
=============================================

2026-05-15 16:26:32,235 - =============================================
              GLOBAL LINK LOAD
---------------------------------------------
  Switch S1 Load: To S6: 0.0 Mbps | To S7: 0.0 Mbps
  Switch S2 Load: To S7: 0.0 Mbps | To S6: 0.0 Mbps
  Switch S3 Load: To S6: 0.0 Mbps | To S7: 0.0 Mbps
  Switch S4 Load: To S6: 0.0 Mbps | To S7: 0.0 Mbps
  Switch S5 Load: To S6: 0.0 Mbps | To S7: 0.0 Mbps
=============================================

2026-05-15 16:26:33,235 - =============================================
              GLOBAL LINK LOAD
---------------------------------------------
  Switch S1 Load: To S6: 0.0 Mbps | To S7: 0.0 Mbps
  Switch S2 Load: To S7: 0.0 Mbps | To S6: 0.0 Mbps
  Switch S3 Load: To S6: 0.0 Mbps | To S7: 0.0 Mbps
  Switch S4 Load: To S6: 0.0 Mbps | To S7: 0.0 Mbps
  Switch S5 Load: To S6: 0.0 Mbps | To S7: 0.0 Mbps
=============================================

2026-05-15 16:26:34,235 - =============================================
              GLOBAL LINK LOAD
---------------------------------------------
  Switch S1 Load: To S6: 0.0 Mbps | To S7: 0.0 Mbps
  Switch S2 Load: To S7: 0.0 Mbps | To S6: 0.0 Mbps
  Switch S3 Load: To S6: 0.0 Mbps | To S7: 0.0 Mbps
  Switch S4 Load: To S6: 0.0 Mbps | To S7: 0.0 Mbps
  Switch S5 Load: To S6: 0.0 Mbps | To S7: 0.0 Mbps
=============================================

2026-05-15 16:26:35,236 - =============================================
              GLOBAL LINK LOAD
---------------------------------------------
  Switch S1 Load: To S6: 0.0 Mbps | To S7: 0.0 Mbps
  Switch S2 Load: To S7: 0.0 Mbps | To S6: 0.0 Mbps
  Switch S3 Load: To S6: 0.0 Mbps | To S7: 0.0 Mbps
  Switch S4 Load: To S6: 0.0 Mbps | To S7: 0.0 Mbps
  Switch S5 Load: To S6: 0.0 Mbps | To S7: 0.0 Mbps
=============================================

2026-05-15 16:26:36,236 - =============================================
              GLOBAL LINK LOAD
---------------------------------------------
  Switch S1 Load: To S6: 0.0 Mbps | To S7: 0.0 Mbps
  Switch S2 Load: To S7: 0.0 Mbps | To S6: 0.0 Mbps
  Switch S3 Load: To S6: 0.0 Mbps | To S7: 0.0 Mbps
  Switch S4 Load: To S6: 0.0 Mbps | To S7: 0.0 Mbps
  Switch S5 Load: To S6: 0.0 Mbps | To S7: 0.0 Mbps
=============================================

2026-05-15 16:26:37,236 - =============================================
              GLOBAL LINK LOAD
---------------------------------------------
  Switch S1 Load: To S6: 0.0 Mbps | To S7: 0.0 Mbps
  Switch S2 Load: To S7: 0.0 Mbps | To S6: 0.0 Mbps
  Switch S3 Load: To S6: 0.0 Mbps | To S7: 0.0 Mbps
  Switch S4 Load: To S6: 0.0 Mbps | To S7: 0.0 Mbps
  Switch S5 Load: To S6: 0.0 Mbps | To S7: 0.0 Mbps
=============================================

2026-05-15 16:26:38,236 - =============================================
              GLOBAL LINK LOAD
---------------------------------------------
  Switch S1 Load: To S6: 0.0 Mbps | To S7: 0.0 Mbps
  Switch S2 Load: To S7: 0.0 Mbps | To S6: 0.0 Mbps
  Switch S3 Load: To S6: 0.0 Mbps | To S7: 0.0 Mbps
  Switch S4 Load: To S6: 0.0 Mbps | To S7: 0.0 Mbps
  Switch S5 Load: To S6: 0.0 Mbps | To S7: 0.0 Mbps
=============================================

2026-05-15 16:26:39,236 - =============================================
              GLOBAL LINK LOAD
---------------------------------------------
  Switch S1 Load: To S6: 0.0 Mbps | To S7: 0.0 Mbps
  Switch S2 Load: To S7: 0.0 Mbps | To S6: 0.0 Mbps
  Switch S3 Load: To S6: 0.0 Mbps | To S7: 0.0 Mbps
  Switch S4 Load: To S6: 0.0 Mbps | To S7: 0.0 Mbps
  Switch S5 Load: To S6: 0.0 Mbps | To S7: 0.0 Mbps
=============================================

2026-05-15 16:26:40,237 - =============================================
              GLOBAL LINK LOAD
---------------------------------------------
  Switch S1 Load: To S6: 0.0 Mbps | To S7: 0.0 Mbps
  Switch S2 Load: To S7: 0.0 Mbps | To S6: 0.0 Mbps
  Switch S3 Load: To S6: 0.0 Mbps | To S7: 0.0 Mbps
  Switch S4 Load: To S6: 0.0 Mbps | To S7: 0.0 Mbps
  Switch S5 Load: To S6: 0.0 Mbps | To S7: 0.0 Mbps
=============================================

2026-05-15 16:26:41,237 - =============================================
              GLOBAL LINK LOAD
---------------------------------------------
  Switch S1 Load: To S6: 0.0 Mbps | To S7: 0.0 Mbps
  Switch S2 Load: To S7: 0.0 Mbps | To S6: 0.0 Mbps
  Switch S3 Load: To S6: 0.0 Mbps | To S7: 0.0 Mbps
  Switch S4 Load: To S6: 0.0 Mbps | To S7: 0.0 Mbps
  Switch S5 Load: To S6: 0.0 Mbps | To S7: 0.0 Mbps
=============================================

2026-05-15 16:26:42,238 - =============================================
              GLOBAL LINK LOAD
---------------------------------------------
  Switch S1 Load: To S6: 0.0 Mbps | To S7: 0.0 Mbps
  Switch S2 Load: To S7: 0.0 Mbps | To S6: 0.0 Mbps
  Switch S3 Load: To S6: 0.0 Mbps | To S7: 0.0 Mbps
  Switch S4 Load: To S6: 0.0 Mbps | To S7: 0.0 Mbps
  Switch S5 Load: To S6: 0.0 Mbps | To S7: 0.0 Mbps
=============================================

2026-05-15 16:26:43,238 - =============================================
              GLOBAL LINK LOAD
---------------------------------------------
  Switch S1 Load: To S6: 0.0 Mbps | To S7: 0.0 Mbps
  Switch S2 Load: To S7: 0.0 Mbps | To S6: 0.0 Mbps
  Switch S3 Load: To S6: 0.0 Mbps | To S7: 0.0 Mbps
  Switch S4 Load: To S6: 0.0 Mbps | To S7: 0.0 Mbps
  Switch S5 Load: To S6: 0.0 Mbps | To S7: 0.0 Mbps
=============================================

2026-05-15 16:26:44,239 - =============================================
              GLOBAL LINK LOAD
---------------------------------------------
  Switch S1 Load: To S6: 0.0 Mbps | To S7: 0.0 Mbps
  Switch S2 Load: To S7: 0.0 Mbps | To S6: 0.0 Mbps
  Switch S3 Load: To S6: 0.0 Mbps | To S7: 0.0 Mbps
  Switch S4 Load: To S6: 0.0 Mbps | To S7: 0.0 Mbps
  Switch S5 Load: To S6: 0.0 Mbps | To S7: 0.0 Mbps
=============================================

2026-05-15 16:26:45,240 - =============================================
              GLOBAL LINK LOAD
---------------------------------------------
  Switch S1 Load: To S6: 0.0 Mbps | To S7: 0.0 Mbps
  Switch S2 Load: To S7: 0.0 Mbps | To S6: 0.0 Mbps
  Switch S3 Load: To S6: 0.0 Mbps | To S7: 0.0 Mbps
  Switch S4 Load: To S6: 0.0 Mbps | To S7: 0.0 Mbps
  Switch S5 Load: To S6: 0.0 Mbps | To S7: 0.0 Mbps
=============================================

2026-05-15 16:26:46,240 - =============================================
              GLOBAL LINK LOAD
---------------------------------------------
  Switch S1 Load: To S6: 0.0 Mbps | To S7: 0.0 Mbps
  Switch S2 Load: To S7: 0.0 Mbps | To S6: 0.0 Mbps
  Switch S3 Load: To S6: 0.0 Mbps | To S7: 0.0 Mbps
  Switch S4 Load: To S6: 0.0 Mbps | To S7: 0.0 Mbps
  Switch S5 Load: To S6: 0.0 Mbps | To S7: 0.0 Mbps
=============================================

2026-05-15 16:26:47,240 - =============================================
              GLOBAL LINK LOAD
---------------------------------------------
  Switch S1 Load: To S6: 0.0 Mbps | To S7: 0.0 Mbps
  Switch S2 Load: To S7: 0.0 Mbps | To S6: 0.0 Mbps
  Switch S3 Load: To S6: 0.0 Mbps | To S7: 0.0 Mbps
  Switch S4 Load: To S6: 0.0 Mbps | To S7: 0.0 Mbps
  Switch S5 Load: To S6: 0.0 Mbps | To S7: 0.0 Mbps
=============================================

2026-05-15 16:26:48,240 - =============================================
              GLOBAL LINK LOAD
---------------------------------------------
  Switch S1 Load: To S6: 0.0 Mbps | To S7: 0.0 Mbps
  Switch S2 Load: To S7: 0.0 Mbps | To S6: 0.0 Mbps
  Switch S3 Load: To S6: 0.0 Mbps | To S7: 0.0 Mbps
  Switch S4 Load: To S6: 0.0 Mbps | To S7: 0.0 Mbps
  Switch S5 Load: To S6: 0.0 Mbps | To S7: 0.0 Mbps
=============================================

2026-05-15 16:26:49,241 - =============================================
              GLOBAL LINK LOAD
---------------------------------------------
  Switch S1 Load: To S6: 0.0 Mbps | To S7: 0.0 Mbps
  Switch S2 Load: To S7: 0.0 Mbps | To S6: 0.0 Mbps
  Switch S3 Load: To S6: 0.0 Mbps | To S7: 0.0 Mbps
  Switch S4 Load: To S6: 0.0 Mbps | To S7: 0.0 Mbps
  Switch S5 Load: To S6: 0.0 Mbps | To S7: 0.0 Mbps
=============================================

2026-05-15 16:26:50,241 - =============================================
              GLOBAL LINK LOAD
---------------------------------------------
  Switch S1 Load: To S6: 0.0 Mbps | To S7: 0.0 Mbps
  Switch S2 Load: To S7: 0.0 Mbps | To S6: 0.0 Mbps
  Switch S3 Load: To S6: 0.0 Mbps | To S7: 0.0 Mbps
  Switch S4 Load: To S6: 0.0 Mbps | To S7: 0.0 Mbps
  Switch S5 Load: To S6: 0.0 Mbps | To S7: 0.0 Mbps
=============================================

2026-05-15 16:26:51,242 - =============================================
              GLOBAL LINK LOAD
---------------------------------------------
  Switch S1 Load: To S6: 0.0 Mbps | To S7: 0.0 Mbps
  Switch S2 Load: To S7: 0.0 Mbps | To S6: 0.0 Mbps
  Switch S3 Load: To S6: 0.0 Mbps | To S7: 0.0 Mbps
  Switch S4 Load: To S6: 0.0 Mbps | To S7: 0.0 Mbps
  Switch S5 Load: To S6: 0.0 Mbps | To S7: 0.0 Mbps
=============================================

2026-05-15 16:26:52,242 - =============================================
              GLOBAL LINK LOAD
---------------------------------------------
  Switch S1 Load: To S6: 0.0 Mbps | To S7: 0.0 Mbps
  Switch S2 Load: To S7: 0.0 Mbps | To S6: 0.0 Mbps
  Switch S3 Load: To S6: 0.0 Mbps | To S7: 0.0 Mbps
  Switch S4 Load: To S6: 0.0 Mbps | To S7: 0.0 Mbps
  Switch S5 Load: To S6: 0.0 Mbps | To S7: 0.0 Mbps
=============================================

2026-05-15 16:26:53,243 - =============================================
              GLOBAL LINK LOAD
---------------------------------------------
  Switch S1 Load: To S6: 0.0 Mbps | To S7: 0.0 Mbps
  Switch S2 Load: To S7: 0.0 Mbps | To S6: 0.0 Mbps
  Switch S3 Load: To S6: 0.0 Mbps | To S7: 0.0 Mbps
  Switch S4 Load: To S6: 0.0 Mbps | To S7: 0.0 Mbps
  Switch S5 Load: To S6: 0.0 Mbps | To S7: 0.0 Mbps
=============================================

2026-05-15 16:26:54,243 - =============================================
              GLOBAL LINK LOAD
---------------------------------------------
  Switch S1 Load: To S6: 0.0 Mbps | To S7: 0.0 Mbps
  Switch S2 Load: To S7: 0.0 Mbps | To S6: 0.0 Mbps
  Switch S3 Load: To S6: 0.0 Mbps | To S7: 0.0 Mbps
  Switch S4 Load: To S6: 0.0 Mbps | To S7: 0.0 Mbps
  Switch S5 Load: To S6: 0.0 Mbps | To S7: 0.0 Mbps
=============================================

2026-05-15 16:26:55,243 - =============================================
              GLOBAL LINK LOAD
---------------------------------------------
  Switch S1 Load: To S6: 0.0 Mbps | To S7: 0.0 Mbps
  Switch S2 Load: To S7: 0.0 Mbps | To S6: 0.0 Mbps
  Switch S3 Load: To S6: 0.0 Mbps | To S7: 0.0 Mbps
  Switch S4 Load: To S6: 0.0 Mbps | To S7: 0.0 Mbps
  Switch S5 Load: To S6: 0.0 Mbps | To S7: 0.0 Mbps
=============================================

2026-05-15 16:26:56,244 - =============================================
              GLOBAL LINK LOAD
---------------------------------------------
  Switch S1 Load: To S6: 0.0 Mbps | To S7: 0.0 Mbps
  Switch S2 Load: To S7: 0.0 Mbps | To S6: 0.0 Mbps
  Switch S3 Load: To S6: 0.0 Mbps | To S7: 0.0 Mbps
  Switch S4 Load: To S6: 0.0 Mbps | To S7: 0.0 Mbps
  Switch S5 Load: To S6: 0.0 Mbps | To S7: 0.0 Mbps
=============================================

2026-05-15 16:26:57,244 - =============================================
              GLOBAL LINK LOAD
---------------------------------------------
  Switch S1 Load: To S6: 0.0 Mbps | To S7: 0.0 Mbps
  Switch S2 Load: To S7: 0.0 Mbps | To S6: 0.0 Mbps
  Switch S3 Load: To S6: 0.0 Mbps | To S7: 0.0 Mbps
  Switch S4 Load: To S6: 0.0 Mbps | To S7: 0.0 Mbps
  Switch S5 Load: To S6: 0.0 Mbps | To S7: 0.0 Mbps
=============================================

2026-05-15 16:26:58,244 - =============================================
              GLOBAL LINK LOAD
---------------------------------------------
  Switch S1 Load: To S6: 0.0 Mbps | To S7: 0.0 Mbps
  Switch S2 Load: To S7: 0.0 Mbps | To S6: 0.0 Mbps
  Switch S3 Load: To S6: 0.0 Mbps | To S7: 0.0 Mbps
  Switch S4 Load: To S6: 0.0 Mbps | To S7: 0.0 Mbps
  Switch S5 Load: To S6: 0.0 Mbps | To S7: 0.0 Mbps
=============================================

2026-05-15 16:26:59,245 - =============================================
              GLOBAL LINK LOAD
---------------------------------------------
  Switch S1 Load: To S6: 0.0 Mbps | To S7: 0.0 Mbps
  Switch S2 Load: To S7: 0.0 Mbps | To S6: 0.0 Mbps
  Switch S3 Load: To S6: 0.0 Mbps | To S7: 0.0 Mbps
  Switch S4 Load: To S6: 0.0 Mbps | To S7: 0.0 Mbps
  Switch S5 Load: To S6: 0.0 Mbps | To S7: 0.0 Mbps
=============================================

2026-05-15 16:27:00,245 - =============================================
              GLOBAL LINK LOAD
---------------------------------------------
  Switch S1 Load: To S6: 0.0 Mbps | To S7: 0.0 Mbps
  Switch S2 Load: To S7: 0.0 Mbps | To S6: 0.0 Mbps
  Switch S3 Load: To S6: 0.0 Mbps | To S7: 0.0 Mbps
  Switch S4 Load: To S6: 0.0 Mbps | To S7: 0.0 Mbps
  Switch S5 Load: To S6: 0.0 Mbps | To S7: 0.0 Mbps
=============================================

2026-05-15 16:27:01,245 - =============================================
              GLOBAL LINK LOAD
---------------------------------------------
  Switch S1 Load: To S6: 0.0 Mbps | To S7: 0.0 Mbps
  Switch S2 Load: To S7: 0.0 Mbps | To S6: 0.0 Mbps
  Switch S3 Load: To S6: 0.0 Mbps | To S7: 0.0 Mbps
  Switch S4 Load: To S6: 0.0 Mbps | To S7: 0.0 Mbps
  Switch S5 Load: To S6: 0.0 Mbps | To S7: 0.0 Mbps
=============================================

2026-05-15 16:27:02,246 - =============================================
              GLOBAL LINK LOAD
---------------------------------------------
  Switch S1 Load: To S6: 0.0 Mbps | To S7: 0.0 Mbps
  Switch S2 Load: To S7: 0.0 Mbps | To S6: 0.0 Mbps
  Switch S3 Load: To S6: 0.0 Mbps | To S7: 0.0 Mbps
  Switch S4 Load: To S6: 0.0 Mbps | To S7: 0.0 Mbps
  Switch S5 Load: To S6: 0.0 Mbps | To S7: 0.0 Mbps
=============================================

2026-05-15 16:27:03,246 - =============================================
              GLOBAL LINK LOAD
---------------------------------------------
  Switch S1 Load: To S6: 0.0 Mbps | To S7: 0.0 Mbps
  Switch S2 Load: To S7: 0.0 Mbps | To S6: 0.0 Mbps
  Switch S3 Load: To S6: 0.0 Mbps | To S7: 0.0 Mbps
  Switch S4 Load: To S6: 0.0 Mbps | To S7: 0.0 Mbps
  Switch S5 Load: To S6: 0.0 Mbps | To S7: 0.0 Mbps
=============================================

2026-05-15 16:27:04,247 - =============================================
              GLOBAL LINK LOAD
---------------------------------------------
  Switch S1 Load: To S6: 0.0 Mbps | To S7: 0.0 Mbps
  Switch S2 Load: To S7: 0.0 Mbps | To S6: 0.0 Mbps
  Switch S3 Load: To S6: 0.0 Mbps | To S7: 0.0 Mbps
  Switch S4 Load: To S6: 0.0 Mbps | To S7: 0.0 Mbps
  Switch S5 Load: To S6: 0.0 Mbps | To S7: 0.0 Mbps
=============================================

2026-05-15 16:27:05,247 - =============================================
              GLOBAL LINK LOAD
---------------------------------------------
  Switch S1 Load: To S6: 0.0 Mbps | To S7: 0.0 Mbps
  Switch S2 Load: To S7: 0.0 Mbps | To S6: 0.0 Mbps
  Switch S3 Load: To S6: 0.0 Mbps | To S7: 0.0 Mbps
  Switch S4 Load: To S6: 0.0 Mbps | To S7: 0.0 Mbps
  Switch S5 Load: To S6: 0.0 Mbps | To S7: 0.0 Mbps
=============================================

2026-05-15 16:27:06,247 - =============================================
              GLOBAL LINK LOAD
---------------------------------------------
  Switch S1 Load: To S6: 0.0 Mbps | To S7: 0.0 Mbps
  Switch S2 Load: To S7: 0.0 Mbps | To S6: 0.0 Mbps
  Switch S3 Load: To S6: 0.0 Mbps | To S7: 0.0 Mbps
  Switch S4 Load: To S6: 0.0 Mbps | To S7: 0.0 Mbps
  Switch S5 Load: To S6: 0.0 Mbps | To S7: 0.0 Mbps
=============================================

2026-05-15 16:27:07,248 - =============================================
              GLOBAL LINK LOAD
---------------------------------------------
  Switch S1 Load: To S6: 0.0 Mbps | To S7: 0.0 Mbps
  Switch S2 Load: To S7: 0.0 Mbps | To S6: 0.0 Mbps
  Switch S3 Load: To S6: 0.0 Mbps | To S7: 0.0 Mbps
  Switch S4 Load: To S6: 0.0 Mbps | To S7: 0.0 Mbps
  Switch S5 Load: To S6: 0.0 Mbps | To S7: 0.0 Mbps
=============================================

2026-05-15 16:27:08,248 - =============================================
              GLOBAL LINK LOAD
---------------------------------------------
  Switch S1 Load: To S6: 0.0 Mbps | To S7: 0.0 Mbps
  Switch S2 Load: To S7: 0.0 Mbps | To S6: 0.0 Mbps
  Switch S3 Load: To S6: 0.0 Mbps | To S7: 0.0 Mbps
  Switch S4 Load: To S6: 0.0 Mbps | To S7: 0.0 Mbps
  Switch S5 Load: To S6: 0.0 Mbps | To S7: 0.0 Mbps
=============================================

2026-05-15 16:27:09,249 - =============================================
              GLOBAL LINK LOAD
---------------------------------------------
  Switch S1 Load: To S6: 0.0 Mbps | To S7: 0.0 Mbps
  Switch S2 Load: To S7: 0.0 Mbps | To S6: 0.0 Mbps
  Switch S3 Load: To S6: 0.0 Mbps | To S7: 0.0 Mbps
  Switch S4 Load: To S6: 0.0 Mbps | To S7: 0.0 Mbps
  Switch S5 Load: To S6: 0.0 Mbps | To S7: 0.0 Mbps
=============================================

2026-05-15 16:27:10,249 - =============================================
              GLOBAL LINK LOAD
---------------------------------------------
  Switch S1 Load: To S6: 0.0 Mbps | To S7: 0.0 Mbps
  Switch S2 Load: To S7: 0.0 Mbps | To S6: 0.0 Mbps
  Switch S3 Load: To S6: 0.0 Mbps | To S7: 0.0 Mbps
  Switch S4 Load: To S6: 0.0 Mbps | To S7: 0.0 Mbps
  Switch S5 Load: To S6: 0.0 Mbps | To S7: 0.0 Mbps
=============================================

2026-05-15 16:27:11,250 - =============================================
              GLOBAL LINK LOAD
---------------------------------------------
  Switch S1 Load: To S6: 0.0 Mbps | To S7: 0.0 Mbps
  Switch S2 Load: To S7: 0.0 Mbps | To S6: 0.0 Mbps
  Switch S3 Load: To S6: 0.0 Mbps | To S7: 0.0 Mbps
  Switch S4 Load: To S6: 0.0 Mbps | To S7: 0.0 Mbps
  Switch S5 Load: To S6: 0.0 Mbps | To S7: 0.0 Mbps
=============================================

2026-05-15 16:27:12,250 - =============================================
              GLOBAL LINK LOAD
---------------------------------------------
  Switch S1 Load: To S6: 0.0 Mbps | To S7: 0.0 Mbps
  Switch S2 Load: To S7: 0.0 Mbps | To S6: 0.0 Mbps
  Switch S3 Load: To S6: 0.0 Mbps | To S7: 0.0 Mbps
  Switch S4 Load: To S6: 0.0 Mbps | To S7: 0.0 Mbps
  Switch S5 Load: To S6: 0.0 Mbps | To S7: 0.0 Mbps
=============================================

2026-05-15 16:27:13,250 - =============================================
              GLOBAL LINK LOAD
---------------------------------------------
  Switch S1 Load: To S6: 0.0 Mbps | To S7: 0.0 Mbps
  Switch S2 Load: To S7: 0.0 Mbps | To S6: 0.0 Mbps
  Switch S3 Load: To S6: 0.0 Mbps | To S7: 0.0 Mbps
  Switch S4 Load: To S6: 0.0 Mbps | To S7: 0.0 Mbps
  Switch S5 Load: To S6: 0.0 Mbps | To S7: 0.0 Mbps
=============================================

2026-05-15 16:27:14,251 - =============================================
              GLOBAL LINK LOAD
---------------------------------------------
  Switch S1 Load: To S6: 0.0 Mbps | To S7: 0.0 Mbps
  Switch S2 Load: To S7: 0.0 Mbps | To S6: 0.0 Mbps
  Switch S3 Load: To S6: 0.0 Mbps | To S7: 0.0 Mbps
  Switch S4 Load: To S6: 0.0 Mbps | To S7: 0.0 Mbps
  Switch S5 Load: To S6: 0.0 Mbps | To S7: 0.0 Mbps
=============================================

2026-05-15 16:27:15,251 - =============================================
              GLOBAL LINK LOAD
---------------------------------------------
  Switch S1 Load: To S6: 0.0 Mbps | To S7: 0.0 Mbps
  Switch S2 Load: To S7: 0.0 Mbps | To S6: 0.0 Mbps
  Switch S3 Load: To S6: 0.0 Mbps | To S7: 0.0 Mbps
  Switch S4 Load: To S6: 0.0 Mbps | To S7: 0.0 Mbps
  Switch S5 Load: To S6: 0.0 Mbps | To S7: 0.0 Mbps
=============================================

2026-05-15 16:27:16,252 - =============================================
              GLOBAL LINK LOAD
---------------------------------------------
  Switch S1 Load: To S6: 0.0 Mbps | To S7: 0.0 Mbps
  Switch S2 Load: To S7: 0.0 Mbps | To S6: 0.0 Mbps
  Switch S3 Load: To S6: 0.0 Mbps | To S7: 0.0 Mbps
  Switch S4 Load: To S6: 0.0 Mbps | To S7: 0.0 Mbps
  Switch S5 Load: To S6: 0.0 Mbps | To S7: 0.0 Mbps
=============================================

2026-05-15 16:27:17,252 - =============================================
              GLOBAL LINK LOAD
---------------------------------------------
  Switch S1 Load: To S6: 0.0 Mbps | To S7: 0.0 Mbps
  Switch S2 Load: To S7: 0.0 Mbps | To S6: 0.0 Mbps
  Switch S3 Load: To S6: 0.0 Mbps | To S7: 0.0 Mbps
  Switch S4 Load: To S6: 0.0 Mbps | To S7: 0.0 Mbps
  Switch S5 Load: To S6: 0.0 Mbps | To S7: 0.0 Mbps
=============================================

2026-05-15 16:27:18,253 - =============================================
              GLOBAL LINK LOAD
---------------------------------------------
  Switch S1 Load: To S6: 0.0 Mbps | To S7: 0.0 Mbps
  Switch S2 Load: To S7: 0.0 Mbps | To S6: 0.0 Mbps
  Switch S3 Load: To S6: 0.0 Mbps | To S7: 0.0 Mbps
  Switch S4 Load: To S6: 0.0 Mbps | To S7: 0.0 Mbps
  Switch S5 Load: To S6: 0.0 Mbps | To S7: 0.0 Mbps
=============================================

2026-05-15 16:27:19,253 - =============================================
              GLOBAL LINK LOAD
---------------------------------------------
  Switch S1 Load: To S6: 0.0 Mbps | To S7: 0.0 Mbps
  Switch S2 Load: To S7: 0.0 Mbps | To S6: 0.0 Mbps
  Switch S3 Load: To S6: 0.0 Mbps | To S7: 0.0 Mbps
  Switch S4 Load: To S6: 0.0 Mbps | To S7: 0.0 Mbps
  Switch S5 Load: To S6: 0.0 Mbps | To S7: 0.0 Mbps
=============================================

2026-05-15 16:27:20,253 - =============================================
              GLOBAL LINK LOAD
---------------------------------------------
  Switch S1 Load: To S6: 0.0 Mbps | To S7: 0.0 Mbps
  Switch S2 Load: To S7: 0.0 Mbps | To S6: 0.0 Mbps
  Switch S3 Load: To S6: 0.0 Mbps | To S7: 0.0 Mbps
  Switch S4 Load: To S6: 0.0 Mbps | To S7: 0.0 Mbps
  Switch S5 Load: To S6: 0.0 Mbps | To S7: 0.0 Mbps
=============================================

2026-05-15 16:27:21,254 - =============================================
              GLOBAL LINK LOAD
---------------------------------------------
  Switch S1 Load: To S6: 0.0 Mbps | To S7: 0.0 Mbps
  Switch S2 Load: To S7: 0.0 Mbps | To S6: 0.0 Mbps
  Switch S3 Load: To S6: 0.0 Mbps | To S7: 0.0 Mbps
  Switch S4 Load: To S6: 0.0 Mbps | To S7: 0.0 Mbps
  Switch S5 Load: To S6: 0.0 Mbps | To S7: 0.0 Mbps
=============================================

2026-05-15 16:27:22,254 - =============================================
              GLOBAL LINK LOAD
---------------------------------------------
  Switch S1 Load: To S6: 0.0 Mbps | To S7: 0.0 Mbps
  Switch S2 Load: To S7: 0.0 Mbps | To S6: 0.0 Mbps
  Switch S3 Load: To S6: 0.0 Mbps | To S7: 0.0 Mbps
  Switch S4 Load: To S6: 0.0 Mbps | To S7: 0.0 Mbps
  Switch S5 Load: To S6: 0.0 Mbps | To S7: 0.0 Mbps
=============================================

2026-05-15 16:27:23,255 - =============================================
              GLOBAL LINK LOAD
---------------------------------------------
  Switch S1 Load: To S6: 0.0 Mbps | To S7: 0.0 Mbps
  Switch S2 Load: To S7: 0.0 Mbps | To S6: 0.0 Mbps
  Switch S3 Load: To S6: 0.0 Mbps | To S7: 0.0 Mbps
  Switch S4 Load: To S6: 0.0 Mbps | To S7: 0.0 Mbps
  Switch S5 Load: To S6: 0.0 Mbps | To S7: 0.0 Mbps
=============================================

2026-05-15 16:27:24,255 - =============================================
              GLOBAL LINK LOAD
---------------------------------------------
  Switch S1 Load: To S6: 0.0 Mbps | To S7: 0.0 Mbps
  Switch S2 Load: To S7: 0.0 Mbps | To S6: 0.0 Mbps
  Switch S3 Load: To S6: 0.0 Mbps | To S7: 0.0 Mbps
  Switch S4 Load: To S6: 0.0 Mbps | To S7: 0.0 Mbps
  Switch S5 Load: To S6: 0.0 Mbps | To S7: 0.0 Mbps
=============================================

2026-05-15 16:27:25,256 - =============================================
              GLOBAL LINK LOAD
---------------------------------------------
  Switch S1 Load: To S6: 0.0 Mbps | To S7: 0.0 Mbps
  Switch S2 Load: To S7: 0.0 Mbps | To S6: 0.0 Mbps
  Switch S3 Load: To S6: 0.0 Mbps | To S7: 0.0 Mbps
  Switch S4 Load: To S6: 0.0 Mbps | To S7: 0.0 Mbps
  Switch S5 Load: To S6: 0.0 Mbps | To S7: 0.0 Mbps
=============================================

2026-05-15 16:27:26,256 - =============================================
              GLOBAL LINK LOAD
---------------------------------------------
  Switch S1 Load: To S6: 0.0 Mbps | To S7: 0.0 Mbps
  Switch S2 Load: To S7: 0.0 Mbps | To S6: 0.0 Mbps
  Switch S3 Load: To S6: 0.0 Mbps | To S7: 0.0 Mbps
  Switch S4 Load: To S6: 0.0 Mbps | To S7: 0.0 Mbps
  Switch S5 Load: To S6: 0.0 Mbps | To S7: 0.0 Mbps
=============================================

2026-05-15 16:27:27,256 - =============================================
              GLOBAL LINK LOAD
---------------------------------------------
  Switch S1 Load: To S6: 0.0 Mbps | To S7: 0.0 Mbps
  Switch S2 Load: To S7: 0.0 Mbps | To S6: 0.0 Mbps
  Switch S3 Load: To S6: 0.0 Mbps | To S7: 0.0 Mbps
  Switch S4 Load: To S6: 0.0 Mbps | To S7: 0.0 Mbps
  Switch S5 Load: To S6: 0.0 Mbps | To S7: 0.0 Mbps
=============================================

2026-05-15 16:27:28,257 - =============================================
              GLOBAL LINK LOAD
---------------------------------------------
  Switch S1 Load: To S6: 0.0 Mbps | To S7: 0.0 Mbps
  Switch S2 Load: To S7: 0.0 Mbps | To S6: 0.0 Mbps
  Switch S3 Load: To S6: 0.0 Mbps | To S7: 0.0 Mbps
  Switch S4 Load: To S6: 0.0 Mbps | To S7: 0.0 Mbps
  Switch S5 Load: To S6: 0.0 Mbps | To S7: 0.0 Mbps
=============================================

2026-05-15 16:27:29,257 - =============================================
              GLOBAL LINK LOAD
---------------------------------------------
  Switch S1 Load: To S6: 0.0 Mbps | To S7: 0.0 Mbps
  Switch S2 Load: To S7: 0.0 Mbps | To S6: 0.0 Mbps
  Switch S3 Load: To S6: 0.0 Mbps | To S7: 0.0 Mbps
  Switch S4 Load: To S6: 0.0 Mbps | To S7: 0.0 Mbps
  Switch S5 Load: To S6: 0.0 Mbps | To S7: 0.0 Mbps
=============================================

2026-05-15 16:27:30,258 - =============================================
              GLOBAL LINK LOAD
---------------------------------------------
  Switch S1 Load: To S6: 0.0 Mbps | To S7: 0.0 Mbps
  Switch S2 Load: To S7: 0.0 Mbps | To S6: 0.0 Mbps
  Switch S3 Load: To S6: 0.0 Mbps | To S7: 0.0 Mbps
  Switch S4 Load: To S6: 0.0 Mbps | To S7: 0.0 Mbps
  Switch S5 Load: To S6: 0.0 Mbps | To S7: 0.0 Mbps
=============================================

2026-05-15 16:27:31,258 - =============================================
              GLOBAL LINK LOAD
---------------------------------------------
  Switch S1 Load: To S6: 0.0 Mbps | To S7: 0.0 Mbps
  Switch S2 Load: To S7: 0.0 Mbps | To S6: 0.0 Mbps
  Switch S3 Load: To S6: 0.0 Mbps | To S7: 0.0 Mbps
  Switch S4 Load: To S6: 0.0 Mbps | To S7: 0.0 Mbps
  Switch S5 Load: To S6: 0.0 Mbps | To S7: 0.0 Mbps
=============================================

2026-05-15 16:27:32,259 - =============================================
              GLOBAL LINK LOAD
---------------------------------------------
  Switch S1 Load: To S6: 0.0 Mbps | To S7: 0.0 Mbps
  Switch S2 Load: To S7: 0.0 Mbps | To S6: 0.0 Mbps
  Switch S3 Load: To S6: 0.0 Mbps | To S7: 0.0 Mbps
  Switch S4 Load: To S6: 0.0 Mbps | To S7: 0.0 Mbps
  Switch S5 Load: To S6: 0.0 Mbps | To S7: 0.0 Mbps
=============================================

2026-05-15 16:27:33,259 - =============================================
              GLOBAL LINK LOAD
---------------------------------------------
  Switch S1 Load: To S6: 0.0 Mbps | To S7: 0.0 Mbps
  Switch S2 Load: To S7: 0.0 Mbps | To S6: 0.0 Mbps
  Switch S3 Load: To S6: 0.0 Mbps | To S7: 0.0 Mbps
  Switch S4 Load: To S6: 0.0 Mbps | To S7: 0.0 Mbps
  Switch S5 Load: To S6: 0.0 Mbps | To S7: 0.0 Mbps
=============================================

2026-05-15 16:27:34,259 - =============================================
              GLOBAL LINK LOAD
---------------------------------------------
  Switch S1 Load: To S6: 0.0 Mbps | To S7: 0.0 Mbps
  Switch S2 Load: To S7: 0.0 Mbps | To S6: 0.0 Mbps
  Switch S3 Load: To S6: 0.0 Mbps | To S7: 0.0 Mbps
  Switch S4 Load: To S6: 0.0 Mbps | To S7: 0.0 Mbps
  Switch S5 Load: To S6: 0.0 Mbps | To S7: 0.0 Mbps
=============================================

2026-05-15 16:27:35,260 - =============================================
              GLOBAL LINK LOAD
---------------------------------------------
  Switch S1 Load: To S6: 0.0 Mbps | To S7: 0.0 Mbps
  Switch S2 Load: To S7: 0.0 Mbps | To S6: 0.0 Mbps
  Switch S3 Load: To S6: 0.0 Mbps | To S7: 0.0 Mbps
  Switch S4 Load: To S6: 0.0 Mbps | To S7: 0.0 Mbps
  Switch S5 Load: To S6: 0.0 Mbps | To S7: 0.0 Mbps
=============================================

2026-05-15 16:27:36,260 - =============================================
              GLOBAL LINK LOAD
---------------------------------------------
  Switch S1 Load: To S6: 0.0 Mbps | To S7: 0.0 Mbps
  Switch S2 Load: To S7: 0.0 Mbps | To S6: 0.0 Mbps
  Switch S3 Load: To S6: 0.0 Mbps | To S7: 0.0 Mbps
  Switch S4 Load: To S6: 0.0 Mbps | To S7: 0.0 Mbps
  Switch S5 Load: To S6: 0.0 Mbps | To S7: 0.0 Mbps
=============================================

2026-05-15 16:27:37,260 - =============================================
              GLOBAL LINK LOAD
---------------------------------------------
  Switch S1 Load: To S6: 0.0 Mbps | To S7: 0.0 Mbps
  Switch S2 Load: To S7: 0.0 Mbps | To S6: 0.0 Mbps
  Switch S3 Load: To S6: 0.0 Mbps | To S7: 0.0 Mbps
  Switch S4 Load: To S6: 0.0 Mbps | To S7: 0.0 Mbps
  Switch S5 Load: To S6: 0.0 Mbps | To S7: 0.0 Mbps
=============================================

2026-05-15 16:27:38,261 - =============================================
              GLOBAL LINK LOAD
---------------------------------------------
  Switch S1 Load: To S6: 0.0 Mbps | To S7: 0.0 Mbps
  Switch S2 Load: To S7: 0.0 Mbps | To S6: 0.0 Mbps
  Switch S3 Load: To S6: 0.0 Mbps | To S7: 0.0 Mbps
  Switch S4 Load: To S6: 0.0 Mbps | To S7: 0.0 Mbps
  Switch S5 Load: To S6: 0.0 Mbps | To S7: 0.0 Mbps
=============================================

2026-05-15 16:27:39,261 - =============================================
              GLOBAL LINK LOAD
---------------------------------------------
  Switch S1 Load: To S6: 0.0 Mbps | To S7: 0.0 Mbps
  Switch S2 Load: To S7: 0.0 Mbps | To S6: 0.0 Mbps
  Switch S3 Load: To S6: 0.0 Mbps | To S7: 0.0 Mbps
  Switch S4 Load: To S6: 0.0 Mbps | To S7: 0.0 Mbps
  Switch S5 Load: To S6: 0.0 Mbps | To S7: 0.0 Mbps
=============================================

2026-05-15 16:27:40,261 - =============================================
              GLOBAL LINK LOAD
---------------------------------------------
  Switch S1 Load: To S6: 0.0 Mbps | To S7: 0.0 Mbps
  Switch S2 Load: To S7: 0.0 Mbps | To S6: 0.0 Mbps
  Switch S3 Load: To S6: 0.0 Mbps | To S7: 0.0 Mbps
  Switch S4 Load: To S6: 0.0 Mbps | To S7: 0.0 Mbps
  Switch S5 Load: To S6: 0.0 Mbps | To S7: 0.0 Mbps
=============================================

2026-05-15 16:27:41,262 - =============================================
              GLOBAL LINK LOAD
---------------------------------------------
  Switch S1 Load: To S6: 0.0 Mbps | To S7: 0.0 Mbps
  Switch S2 Load: To S7: 0.0 Mbps | To S6: 0.0 Mbps
  Switch S3 Load: To S6: 0.0 Mbps | To S7: 0.0 Mbps
  Switch S4 Load: To S6: 0.0 Mbps | To S7: 0.0 Mbps
  Switch S5 Load: To S6: 0.0 Mbps | To S7: 0.0 Mbps
=============================================

2026-05-15 16:27:42,262 - =============================================
              GLOBAL LINK LOAD
---------------------------------------------
  Switch S1 Load: To S6: 0.0 Mbps | To S7: 0.0 Mbps
  Switch S2 Load: To S7: 0.0 Mbps | To S6: 0.0 Mbps
  Switch S3 Load: To S6: 0.0 Mbps | To S7: 0.0 Mbps
  Switch S4 Load: To S6: 0.0 Mbps | To S7: 0.0 Mbps
  Switch S5 Load: To S6: 0.0 Mbps | To S7: 0.0 Mbps
=============================================

2026-05-15 16:27:43,262 - =============================================
              GLOBAL LINK LOAD
---------------------------------------------
  Switch S1 Load: To S6: 0.0 Mbps | To S7: 0.0 Mbps
  Switch S2 Load: To S7: 0.0 Mbps | To S6: 0.0 Mbps
  Switch S3 Load: To S6: 0.0 Mbps | To S7: 0.0 Mbps
  Switch S4 Load: To S6: 0.0 Mbps | To S7: 0.0 Mbps
  Switch S5 Load: To S6: 0.0 Mbps | To S7: 0.0 Mbps
=============================================

2026-05-15 16:27:44,262 - =============================================
              GLOBAL LINK LOAD
---------------------------------------------
  Switch S1 Load: To S6: 0.0 Mbps | To S7: 0.0 Mbps
  Switch S2 Load: To S7: 0.0 Mbps | To S6: 0.0 Mbps
  Switch S3 Load: To S6: 0.0 Mbps | To S7: 0.0 Mbps
  Switch S4 Load: To S6: 0.0 Mbps | To S7: 0.0 Mbps
  Switch S5 Load: To S6: 0.0 Mbps | To S7: 0.0 Mbps
=============================================

2026-05-15 16:27:45,263 - =============================================
              GLOBAL LINK LOAD
---------------------------------------------
  Switch S1 Load: To S6: 0.0 Mbps | To S7: 0.0 Mbps
  Switch S2 Load: To S7: 0.0 Mbps | To S6: 0.0 Mbps
  Switch S3 Load: To S6: 0.0 Mbps | To S7: 0.0 Mbps
  Switch S4 Load: To S6: 0.0 Mbps | To S7: 0.0 Mbps
  Switch S5 Load: To S6: 0.0 Mbps | To S7: 0.0 Mbps
=============================================

2026-05-15 16:27:46,263 - =============================================
              GLOBAL LINK LOAD
---------------------------------------------
  Switch S1 Load: To S6: 0.0 Mbps | To S7: 0.0 Mbps
  Switch S2 Load: To S7: 0.0 Mbps | To S6: 0.0 Mbps
  Switch S3 Load: To S6: 0.0 Mbps | To S7: 0.0 Mbps
  Switch S4 Load: To S6: 0.0 Mbps | To S7: 0.0 Mbps
  Switch S5 Load: To S6: 0.0 Mbps | To S7: 0.0 Mbps
=============================================

2026-05-15 16:27:47,263 - =============================================
              GLOBAL LINK LOAD
---------------------------------------------
  Switch S1 Load: To S6: 0.0 Mbps | To S7: 0.0 Mbps
  Switch S2 Load: To S7: 0.0 Mbps | To S6: 0.0 Mbps
  Switch S3 Load: To S6: 0.0 Mbps | To S7: 0.0 Mbps
  Switch S4 Load: To S6: 0.0 Mbps | To S7: 0.0 Mbps
  Switch S5 Load: To S6: 0.0 Mbps | To S7: 0.0 Mbps
=============================================

2026-05-15 16:27:48,264 - =============================================
              GLOBAL LINK LOAD
---------------------------------------------
  Switch S1 Load: To S6: 0.0 Mbps | To S7: 0.0 Mbps
  Switch S2 Load: To S7: 0.0 Mbps | To S6: 0.0 Mbps
  Switch S3 Load: To S6: 0.0 Mbps | To S7: 0.0 Mbps
  Switch S4 Load: To S6: 0.0 Mbps | To S7: 0.0 Mbps
  Switch S5 Load: To S6: 0.0 Mbps | To S7: 0.0 Mbps
=============================================

2026-05-15 16:27:49,264 - =============================================
              GLOBAL LINK LOAD
---------------------------------------------
  Switch S1 Load: To S6: 0.0 Mbps | To S7: 0.0 Mbps
  Switch S2 Load: To S7: 0.0 Mbps | To S6: 0.0 Mbps
  Switch S3 Load: To S6: 0.0 Mbps | To S7: 0.0 Mbps
  Switch S4 Load: To S6: 0.0 Mbps | To S7: 0.0 Mbps
  Switch S5 Load: To S6: 0.0 Mbps | To S7: 0.0 Mbps
=============================================

2026-05-15 16:27:50,264 - =============================================
              GLOBAL LINK LOAD
---------------------------------------------
  Switch S1 Load: To S6: 0.0 Mbps | To S7: 0.0 Mbps
  Switch S2 Load: To S7: 0.0 Mbps | To S6: 0.0 Mbps
  Switch S3 Load: To S6: 0.0 Mbps | To S7: 0.0 Mbps
  Switch S4 Load: To S6: 0.0 Mbps | To S7: 0.0 Mbps
  Switch S5 Load: To S6: 0.0 Mbps | To S7: 0.0 Mbps
=============================================

2026-05-15 16:27:51,265 - =============================================
              GLOBAL LINK LOAD
---------------------------------------------
  Switch S1 Load: To S6: 0.0 Mbps | To S7: 0.0 Mbps
  Switch S2 Load: To S7: 0.0 Mbps | To S6: 0.0 Mbps
  Switch S3 Load: To S6: 0.0 Mbps | To S7: 0.0 Mbps
  Switch S4 Load: To S6: 0.0 Mbps | To S7: 0.0 Mbps
  Switch S5 Load: To S6: 0.0 Mbps | To S7: 0.0 Mbps
=============================================

2026-05-15 16:27:52,265 - =============================================
              GLOBAL LINK LOAD
---------------------------------------------
  Switch S1 Load: To S6: 0.0 Mbps | To S7: 0.0 Mbps
  Switch S2 Load: To S7: 0.0 Mbps | To S6: 0.0 Mbps
  Switch S3 Load: To S6: 0.0 Mbps | To S7: 0.0 Mbps
  Switch S4 Load: To S6: 0.0 Mbps | To S7: 0.0 Mbps
  Switch S5 Load: To S6: 0.0 Mbps | To S7: 0.0 Mbps
=============================================

2026-05-15 16:27:53,265 - =============================================
              GLOBAL LINK LOAD
---------------------------------------------
  Switch S1 Load: To S6: 0.0 Mbps | To S7: 0.0 Mbps
  Switch S2 Load: To S7: 0.0 Mbps | To S6: 0.0 Mbps
  Switch S3 Load: To S6: 0.0 Mbps | To S7: 0.0 Mbps
  Switch S4 Load: To S6: 0.0 Mbps | To S7: 0.0 Mbps
  Switch S5 Load: To S6: 0.0 Mbps | To S7: 0.0 Mbps
=============================================

2026-05-15 16:27:54,265 - =============================================
              GLOBAL LINK LOAD
---------------------------------------------
  Switch S1 Load: To S6: 0.0 Mbps | To S7: 0.0 Mbps
  Switch S2 Load: To S7: 0.0 Mbps | To S6: 0.0 Mbps
  Switch S3 Load: To S6: 0.0 Mbps | To S7: 0.0 Mbps
  Switch S4 Load: To S6: 0.0 Mbps | To S7: 0.0 Mbps
  Switch S5 Load: To S6: 0.0 Mbps | To S7: 0.0 Mbps
=============================================

2026-05-15 16:27:55,266 - =============================================
              GLOBAL LINK LOAD
---------------------------------------------
  Switch S1 Load: To S6: 0.0 Mbps | To S7: 0.0 Mbps
  Switch S2 Load: To S7: 0.0 Mbps | To S6: 0.0 Mbps
  Switch S3 Load: To S6: 0.0 Mbps | To S7: 0.0 Mbps
  Switch S4 Load: To S6: 0.0 Mbps | To S7: 0.0 Mbps
  Switch S5 Load: To S6: 0.0 Mbps | To S7: 0.0 Mbps
=============================================

2026-05-15 16:27:56,266 - =============================================
              GLOBAL LINK LOAD
---------------------------------------------
  Switch S1 Load: To S6: 0.0 Mbps | To S7: 0.0 Mbps
  Switch S2 Load: To S7: 0.0 Mbps | To S6: 0.0 Mbps
  Switch S3 Load: To S6: 0.0 Mbps | To S7: 0.0 Mbps
  Switch S4 Load: To S6: 0.0 Mbps | To S7: 0.0 Mbps
  Switch S5 Load: To S6: 0.0 Mbps | To S7: 0.0 Mbps
=============================================

2026-05-15 16:27:57,266 - =============================================
              GLOBAL LINK LOAD
---------------------------------------------
  Switch S1 Load: To S6: 0.0 Mbps | To S7: 0.0 Mbps
  Switch S2 Load: To S7: 0.0 Mbps | To S6: 0.0 Mbps
  Switch S3 Load: To S6: 0.0 Mbps | To S7: 0.0 Mbps
  Switch S4 Load: To S6: 0.0 Mbps | To S7: 0.0 Mbps
  Switch S5 Load: To S6: 0.0 Mbps | To S7: 0.0 Mbps
=============================================

2026-05-15 16:27:58,267 - =============================================
              GLOBAL LINK LOAD
---------------------------------------------
  Switch S1 Load: To S6: 0.0 Mbps | To S7: 0.0 Mbps
  Switch S2 Load: To S7: 0.0 Mbps | To S6: 0.0 Mbps
  Switch S3 Load: To S6: 0.0 Mbps | To S7: 0.0 Mbps
  Switch S4 Load: To S6: 0.0 Mbps | To S7: 0.0 Mbps
  Switch S5 Load: To S6: 0.0 Mbps | To S7: 0.0 Mbps
=============================================

2026-05-15 16:27:59,267 - =============================================
              GLOBAL LINK LOAD
---------------------------------------------
  Switch S1 Load: To S6: 0.0 Mbps | To S7: 0.0 Mbps
  Switch S2 Load: To S7: 0.0 Mbps | To S6: 0.0 Mbps
  Switch S3 Load: To S6: 0.0 Mbps | To S7: 0.0 Mbps
  Switch S4 Load: To S6: 0.0 Mbps | To S7: 0.0 Mbps
  Switch S5 Load: To S6: 0.0 Mbps | To S7: 0.0 Mbps
=============================================

2026-05-15 16:28:00,267 - =============================================
              GLOBAL LINK LOAD
---------------------------------------------
  Switch S1 Load: To S6: 0.0 Mbps | To S7: 0.0 Mbps
  Switch S2 Load: To S7: 0.0 Mbps | To S6: 0.0 Mbps
  Switch S3 Load: To S6: 0.0 Mbps | To S7: 0.0 Mbps
  Switch S4 Load: To S6: 0.0 Mbps | To S7: 0.0 Mbps
  Switch S5 Load: To S6: 0.0 Mbps | To S7: 0.0 Mbps
=============================================

2026-05-15 16:28:01,268 - =============================================
              GLOBAL LINK LOAD
---------------------------------------------
  Switch S1 Load: To S6: 0.0 Mbps | To S7: 0.0 Mbps
  Switch S2 Load: To S7: 0.0 Mbps | To S6: 0.0 Mbps
  Switch S3 Load: To S6: 0.0 Mbps | To S7: 0.0 Mbps
  Switch S4 Load: To S6: 0.0 Mbps | To S7: 0.0 Mbps
  Switch S5 Load: To S6: 0.0 Mbps | To S7: 0.0 Mbps
=============================================

2026-05-15 16:28:02,268 - =============================================
              GLOBAL LINK LOAD
---------------------------------------------
  Switch S1 Load: To S6: 0.0 Mbps | To S7: 0.0 Mbps
  Switch S2 Load: To S7: 0.0 Mbps | To S6: 0.0 Mbps
  Switch S3 Load: To S6: 0.0 Mbps | To S7: 0.0 Mbps
  Switch S4 Load: To S6: 0.0 Mbps | To S7: 0.0 Mbps
  Switch S5 Load: To S6: 0.0 Mbps | To S7: 0.0 Mbps
=============================================

2026-05-15 16:28:03,269 - =============================================
              GLOBAL LINK LOAD
---------------------------------------------
  Switch S1 Load: To S6: 0.0 Mbps | To S7: 0.0 Mbps
  Switch S2 Load: To S7: 0.0 Mbps | To S6: 0.0 Mbps
  Switch S3 Load: To S6: 0.0 Mbps | To S7: 0.0 Mbps
  Switch S4 Load: To S6: 0.0 Mbps | To S7: 0.0 Mbps
  Switch S5 Load: To S6: 0.0 Mbps | To S7: 0.0 Mbps
=============================================

2026-05-15 16:28:04,269 - =============================================
              GLOBAL LINK LOAD
---------------------------------------------
  Switch S1 Load: To S6: 0.0 Mbps | To S7: 0.0 Mbps
  Switch S2 Load: To S7: 0.0 Mbps | To S6: 0.0 Mbps
  Switch S3 Load: To S6: 0.0 Mbps | To S7: 0.0 Mbps
  Switch S4 Load: To S6: 0.0 Mbps | To S7: 0.0 Mbps
  Switch S5 Load: To S6: 0.0 Mbps | To S7: 0.0 Mbps
=============================================

2026-05-15 16:28:05,269 - =============================================
              GLOBAL LINK LOAD
---------------------------------------------
  Switch S1 Load: To S6: 0.0 Mbps | To S7: 0.0 Mbps
  Switch S2 Load: To S7: 0.0 Mbps | To S6: 0.0 Mbps
  Switch S3 Load: To S6: 0.0 Mbps | To S7: 0.0 Mbps
  Switch S4 Load: To S6: 0.0 Mbps | To S7: 0.0 Mbps
  Switch S5 Load: To S6: 0.0 Mbps | To S7: 0.0 Mbps
=============================================

2026-05-15 16:28:06,270 - =============================================
              GLOBAL LINK LOAD
---------------------------------------------
  Switch S1 Load: To S6: 0.0 Mbps | To S7: 0.0 Mbps
  Switch S2 Load: To S7: 0.0 Mbps | To S6: 0.0 Mbps
  Switch S3 Load: To S6: 0.0 Mbps | To S7: 0.0 Mbps
  Switch S4 Load: To S6: 0.0 Mbps | To S7: 0.0 Mbps
  Switch S5 Load: To S6: 0.0 Mbps | To S7: 0.0 Mbps
=============================================

2026-05-15 16:28:07,270 - =============================================
              GLOBAL LINK LOAD
---------------------------------------------
  Switch S1 Load: To S6: 0.0 Mbps | To S7: 0.0 Mbps
  Switch S2 Load: To S7: 0.0 Mbps | To S6: 0.0 Mbps
  Switch S3 Load: To S6: 0.0 Mbps | To S7: 0.0 Mbps
  Switch S4 Load: To S6: 0.0 Mbps | To S7: 0.0 Mbps
  Switch S5 Load: To S6: 0.0 Mbps | To S7: 0.0 Mbps
=============================================

2026-05-15 16:28:08,271 - =============================================
              GLOBAL LINK LOAD
---------------------------------------------
  Switch S1 Load: To S6: 0.0 Mbps | To S7: 0.0 Mbps
  Switch S2 Load: To S7: 0.0 Mbps | To S6: 0.0 Mbps
  Switch S3 Load: To S6: 0.0 Mbps | To S7: 0.0 Mbps
  Switch S4 Load: To S6: 0.0 Mbps | To S7: 0.0 Mbps
  Switch S5 Load: To S6: 0.0 Mbps | To S7: 0.0 Mbps
=============================================

2026-05-15 16:28:09,271 - =============================================
              GLOBAL LINK LOAD
---------------------------------------------
  Switch S1 Load: To S6: 0.0 Mbps | To S7: 0.0 Mbps
  Switch S2 Load: To S7: 0.0 Mbps | To S6: 0.0 Mbps
  Switch S3 Load: To S6: 0.0 Mbps | To S7: 0.0 Mbps
  Switch S4 Load: To S6: 0.0 Mbps | To S7: 0.0 Mbps
  Switch S5 Load: To S6: 0.0 Mbps | To S7: 0.0 Mbps
=============================================

2026-05-15 16:28:10,272 - =============================================
              GLOBAL LINK LOAD
---------------------------------------------
  Switch S1 Load: To S6: 0.0 Mbps | To S7: 0.0 Mbps
  Switch S2 Load: To S7: 0.0 Mbps | To S6: 0.0 Mbps
  Switch S3 Load: To S6: 0.0 Mbps | To S7: 0.0 Mbps
  Switch S4 Load: To S6: 0.0 Mbps | To S7: 0.0 Mbps
  Switch S5 Load: To S6: 0.0 Mbps | To S7: 0.0 Mbps
=============================================

2026-05-15 16:28:11,272 - =============================================
              GLOBAL LINK LOAD
---------------------------------------------
  Switch S1 Load: To S6: 0.0 Mbps | To S7: 0.0 Mbps
  Switch S2 Load: To S7: 0.0 Mbps | To S6: 0.0 Mbps
  Switch S3 Load: To S6: 0.0 Mbps | To S7: 0.0 Mbps
  Switch S4 Load: To S6: 0.0 Mbps | To S7: 0.0 Mbps
  Switch S5 Load: To S6: 0.0 Mbps | To S7: 0.0 Mbps
=============================================

2026-05-15 16:28:12,272 - =============================================
              GLOBAL LINK LOAD
---------------------------------------------
  Switch S1 Load: To S6: 0.0 Mbps | To S7: 0.0 Mbps
  Switch S2 Load: To S7: 0.0 Mbps | To S6: 0.0 Mbps
  Switch S3 Load: To S6: 0.0 Mbps | To S7: 0.0 Mbps
  Switch S4 Load: To S6: 0.0 Mbps | To S7: 0.0 Mbps
  Switch S5 Load: To S6: 0.0 Mbps | To S7: 0.0 Mbps
=============================================

2026-05-15 16:28:13,275 - =============================================
              GLOBAL LINK LOAD
---------------------------------------------
  Switch S1 Load: To S6: 0.0 Mbps | To S7: 0.0 Mbps
  Switch S2 Load: To S7: 0.0 Mbps | To S6: 0.0 Mbps
  Switch S3 Load: To S6: 0.0 Mbps | To S7: 0.0 Mbps
  Switch S4 Load: To S6: 0.0 Mbps | To S7: 0.0 Mbps
  Switch S5 Load: To S6: 0.0 Mbps | To S7: 0.0 Mbps
=============================================

